date_detection,statut,role_cible,intitule,entreprise,lieu,emails_rh,source,lien,id
2026-09-15 12:09,NOUVEAU,Kaufmann fuer Buromanagement,Ausbildung Industriekaufmann/-frau (m/w/d)bei von Schaewen GmbH45128 Essen 01.09.20263 Plätze,Von Schaewen Gmbh,Deutschland (Allemagne),n.strempel@von-schaewen.de,Ausbildung.de,https://www.ausbildung.de/stellen/ausbildung-industriekaufmann-frau-m-w-d-bei-von-schaewen-gmbh-in-essen-4f188c95-5fd6-40c9-8e38-7a5f19142d3d/,aus_82081eff
2026-09-15 12:09,NOUVEAU,Kaufmann fuer Buromanagement,Ausbildung Drogist (w/m/d) 2026 in 45138 Essenbei dm-drogerie markt GmbH + Co. KG45138 Essen + 1786 weiterenach Absprache,Dm Drogerie Markt Gmbh Co Kg,Deutschland (Allemagne),Non détecté (Postuler via lien),Ausbildung.de,https://www.ausbildung.de/stellen/ausbildung-drogist-w-m-d-2026-in-45138-essen-bei-dm-drogerie-markt-gmbh-co-kg-in-essen-205c6678-0730-4c59-a17d-a937c65cb892/,aus_66183197
2026-09-15 12:09,NOUVEAU,Kaufmann fuer Buromanagement,Aus- und Fortbildung zum Handelsfachwirt (m/w/d)bei KiK Textilien und Non-Food GmbH45355 Essen + 887 weiterenach Absprache890 Plätze,Kik Textilien Und Non Food Gmbh,Deutschland (Allemagne),Non détecté (Postuler via lien),Ausbildung.de,https://www.ausbildung.de/stellen/aus-und-fortbildung-zum-handelsfachwirt-m-w-d-bei-kik-textilien-und-non-food-gmbh-in-essen-a07f3891-446d-4c79-adce-6930b535d4df/,aus_138857cc
2026-09-15 12:09,NOUVEAU,Kaufmann fuer Buromanagement,Ausbildung zum Hörakustiker (m/w/d) - Start im Februar & August/September 2027bei Amplifon Deutschland GmbH45329 Essen + 67 weiterenach Absprache70 Plätze,Amplifon Deutschland Gmbh,Deutschland (Allemagne),Non détecté (Postuler via lien),Ausbildung.de,https://www.ausbildung.de/stellen/ausbildung-zum-hoerakustiker-m-w-d-start-im-februar-august-september-2026-bei-amplifon-deutschland-gmbh-in-essen-b023eaa2-74f0-441e-904d-b5590fd6b5b4/,aus_7c24f236
2026-09-15 12:09,NOUVEAU,Kaufmann fuer Buromanagement,Ausbildung Bäckereifachverkäufer/in (m/w/d)bei Bäckerei Horsthemke45127 Essen + 39 weiterenach Absprache40 Plätze,Baeckerei Horsthemke,Deutschland (Allemagne),ausbildung@baeckerei-horsthemke.de,Ausbildung.de,https://www.ausbildung.de/stellen/ausbildung-baeckereifachverkaeufer-in-m-w-d-bei-baeckerei-horsthemke-in-essen-914241a1-9fa1-4235-a286-4affd3e9d1ed/,aus_4d2a2154
2026-09-15 12:09,NOUVEAU,Kaufmann fuer Buromanagement,KompetenzCentrum Pflege (1 Jahr)bei apm45127 Essen + 28 weitere01.10.202668 Plätze,Apm,Deutschland (Allemagne),Non détecté (Postuler via lien),Ausbildung.de,https://www.ausbildung.de/stellen/kompetenzcentrum-pflege-1-jahr-bei-apm-in-essen-d1f4021f-4f92-41da-86fa-919185b944b3/,aus_3a91c99c
2026-09-15 12:10,NOUVEAU,Kaufmann fuer Buromanagement,BA-Student (m/w/d) Fitnessökonomie/Sportökonomie/Gesundheitsmanagement (m/w/d)bei Kieser Training GmbH45127 Essen + 9 weiterenach Absprache10 Plätze,Kieser Training Gmbh,Deutschland (Allemagne),marcel.haasters@kieser-training.com / marcel.haasters@kieser.com,Ausbildung.de,https://www.ausbildung.de/stellen/ba-student-m-w-d-fitnessoekonomie-sportoekonomie-gesundheitsmanagement-m-w-d-bei-kieser-training-gmbh-in-essen-e5e3414e-9dad-442c-9e6c-a1714adc0b89/,aus_f317833a
2026-09-15 12:10,NOUVEAU,Kaufmann fuer Buromanagement,Dualer Student (m/w/d) BWL - Schwerpunkt Steuerrechtbei ETL Gruppe45128 Essen + 22 weitere01.10.202625 Plätze,Etl Gruppe,Deutschland (Allemagne),hr-team@etl.de,Ausbildung.de,https://www.ausbildung.de/stellen/dualer-student-m-w-d-bwl-schwerpunkt-steuerrecht-bei-etl-gruppe-in-essen-5a46d218-d0b9-4fe6-a446-6e8513896364/,aus_e1e8cd36
2026-09-15 12:10,NOUVEAU,Kaufmann fuer Buromanagement,Duales Studium BWL Hotelmanagement | Businesshotel mit Tagungs- und Veranstaltungsbereichbei iba Internationale Berufsakademie45138 Essen + 236 weitere01.10.2026327 Plätze,Iba Internationale Berufsakademie,Deutschland (Allemagne),mira.emberovics@ibadual.com,Ausbildung.de,https://www.ausbildung.de/stellen/duales-studium-bwl-hotelmanagement-businesshotel-mit-tagungs-und-veranstaltungsbereich-bei-iba-internationale-berufsakademie-in-essen-78fa1b86-2724-40ee-907a-bd923b8150a3/,aus_788f2678
2026-09-15 12:10,NOUVEAU,Kaufmann fuer Buromanagement,B.Sc. Wirtschaftsinformatik mit verschiedenen Vertiefungsmöglichkeiten (m/w/d)bei Atos Information Technology GmbH45131 Essen + 8 weitere01.09.202614 Plätze,Atos Information Technology Gmbh,Deutschland (Allemagne),Non détecté (Postuler via lien),Ausbildung.de,https://www.ausbildung.de/stellen/b-sc-wirtschaftsinformatik-m-w-d-mit-verschiedenen-vertiefungsmoeglichkeiten-bei-atos-information-technology-gmbh-in-essen-adbada1e-db41-45a7-a775-4e00337a9d8e/,aus_0bfab492
2026-09-15 12:13,NOUVEAU,Kauffrau fuer Tourismus und Freizeit,Ausbildung Lacklaborant/inbei Sun Chemical Colors & Effects GmbH90451 Nürnberg 01.09.20261 Platz,Sun Chemical Colors Effects Gmbh,Deutschland (Allemagne),Non détecté (Postuler via lien),Ausbildung.de,https://www.ausbildung.de/stellen/ausbildung-lacklaborant-in-m-w-d-bei-sun-chemical-colors-effects-gmbh-in-nuernberg-e3e00abf-db30-4197-a699-442b530d3653/,aus_69db70a8
2026-09-15 12:14,NOUVEAU,Kauffrau fuer Tourismus und Freizeit,Kombination Ausbildung Bankkauffrau/ Bankkaufmann (w/m/d) und Bachelor Studiengang - 2027bei Sparkasse Nürnberg90402 Nürnberg 01.09.20263 Plätze,Sparkasse Nuernberg,Deutschland (Allemagne),lke.biederer@sparkasse-nuernberg.de,Ausbildung.de,https://www.ausbildung.de/stellen/duales-studium-bwl-m-w-d-bei-sparkasse-nuernberg-in-nuernberg-a0c3681b-4662-429c-ab1a-53e0ab6ff1d4/,aus_dc0a5587
2026-09-15 12:14,NOUVEAU,Kauffrau fuer Tourismus und Freizeit,Ausbildung zum Kaufmann im Einzelhandel (m/w/d) 2026bei Kulinarikwelten E center Stengel90403 Nürnberg 01.09.20261 Platz,Edeka Verbund,Deutschland (Allemagne),Non détecté (Postuler via lien),Ausbildung.de,https://www.ausbildung.de/stellen/ausbildung-zum-kaufmann-im-einzelhandel-m-w-d-2026-bei-edeka-verbund-in-nuernberg-7759b24b-8033-4fd1-8629-9d0a0b57d5e5/,aus_11481752
2026-09-15 12:14,NOUVEAU,Kauffrau fuer Tourismus und Freizeit,Ausbildung zum Verkäufer (m/w/d) 2026bei Kulinarikwelten E center Stengel90403 Nürnberg + 1 weiterer01.09.20262 Plätze,Edeka Verbund,Deutschland (Allemagne),Non détecté (Postuler via lien),Ausbildung.de,https://www.ausbildung.de/stellen/ausbildung-zum-verkaeufer-m-w-d-2026-bei-edeka-verbund-in-nuernberg-c780733d-9263-4cab-9b88-4440bd44be3a/,aus_8cd10a60
2026-09-15 12:14,NOUVEAU,Kauffrau fuer Tourismus und Freizeit,Ausbildung im Abiturientenprogramm zum Handelsfachwirt (IHK) (m/w/d) 2026bei EDEKA im Luitpoldviertel90478 Nürnberg 01.09.20262 Plätze,Edeka Verbund,Deutschland (Allemagne),Non détecté (Postuler via lien),Ausbildung.de,https://www.ausbildung.de/stellen/ausbildung-im-abiturientenprogramm-zum-handelsfachwirt-ihk-m-w-d-2026-bei-edeka-verbund-in-nuernberg-2b7941bb-29c3-4c8a-bdc9-61018246ccff/,aus_7b232575
2026-09-15 12:14,NOUVEAU,Kauffrau fuer Tourismus und Freizeit,"Ausbildung als Kaufmann/-frau für Groß- und Außenhandelsmanagement (m/w/d), Schwerpunkt Großhandelbei STAPPERT Deutschland GmbH90443 Nürnberg + 2 weitere01.09.20266 Plätze",Stappert Deutschland Gmbh,Deutschland (Allemagne),bewerbung@stappert.biz,Ausbildung.de,https://www.ausbildung.de/stellen/ausbildung-als-kaufmann-frau-fuer-gross-und-aussenhandelsmanagement-m-w-d-schwerpunkt-grosshandel-bei-stappert-deutschland-gmbh-in-nuernberg-06e9339c-b924-4560-a192-0e7e6444c6cb/,aus_e06ec447
2026-09-15 12:14,NOUVEAU,Kauffrau fuer Tourismus und Freizeit,Ausbildung zum Fachverkäufer im Lebensmittelhandwerk (Fleischerei) (m/w/d) 2026bei EDEKA Gass90408 Nürnberg 01.09.20261 Platz,Edeka Verbund,Deutschland (Allemagne),Non détecté (Postuler via lien),Ausbildung.de,https://www.ausbildung.de/stellen/ausbildung-zum-fachverkaeufer-im-lebensmittelhandwerk-fleischerei-m-w-d-2026-bei-edeka-verbund-in-nuernberg-6bb9ff06-0700-4fb9-b8b8-dd13aa89a24b/,aus_e34168fa
2026-09-15 12:14,NOUVEAU,Kauffrau fuer Tourismus und Freizeit,Ausbildung Kauffrau/-mann für Büromanagement (m/w/d)bei VAG Verkehrs-Aktiengesellschaft90429 Nürnberg 01.09.20262 Plätze,Vag Verkehrs Aktiengesellschaft,Deutschland (Allemagne),Non détecté (Postuler via lien),Ausbildung.de,https://www.ausbildung.de/stellen/ausbildung-kauffrau-mann-fuer-bueromanagement-m-w-d-bei-vag-verkehrs-aktiengesellschaft-in-nuernberg-3bbc7bf5-d578-4ec3-9e43-bc5eb11993da/,aus_55a4fa8c
2026-09-15 12:14,NOUVEAU,Kauffrau fuer Tourismus und Freizeit,Ausbildung zum Kaufmann im Einzelhandel mit Zusatzqualifikation Frischespezialist (m/w/d) 2026bei EDEKA im Luitpoldviertel90478 Nürnberg 01.09.20266 Plätze,Edeka Verbund,Deutschland (Allemagne),Non détecté (Postuler via lien),Ausbildung.de,https://www.ausbildung.de/stellen/ausbildung-zum-kaufmann-im-einzelhandel-mit-zusatzqualifikation-frischespezialist-m-w-d-2026-bei-edeka-verbund-in-nuernberg-2ac4a6a1-9089-4298-a73b-7e8dc2fbc298/,aus_9f98e29e
2026-09-15 12:14,NOUVEAU,Kauffrau fuer Tourismus und Freizeit,Ausbildung zum Fachverkäufer im Lebensmittelhandwerk (Fleischerei) (m/w/d) 2026bei EDEKA im Luitpoldviertel90478 Nürnberg 01.09.20262 Plätze,Edeka Verbund,Deutschland (Allemagne),Non détecté (Postuler via lien),Ausbildung.de,https://www.ausbildung.de/stellen/ausbildung-zum-fachverkaeufer-im-lebensmittelhandwerk-fleischerei-m-w-d-2026-bei-edeka-verbund-in-nuernberg-99ffb6d2-25a9-4864-9fb0-284c2b155947/,aus_83a7b3ce
2026-09-15 12:11,NOUVEAU,Kauffrau im Gross- und Aussenhandelsmanagement,Ausbildung Karosserie- und Fahrzeugbaumechaniker/in (m/w/d)bei Hugo Pfohe GmbH23554 Lübeck 01.09.20261 Platz Beliebter Ausbildungsbetrieb,Hugo Pfohe Gmbh,Deutschland (Allemagne),Non détecté (Postuler via lien),Ausbildung.de,https://www.ausbildung.de/stellen/ausbildung-karosserie-und-fahrzeugbaumechaniker-in-m-w-d-bei-hugo-pfohe-gmbh-in-luebeck-102843ae-1832-46c3-81b6-9d49c0fd1fc0/,aus_a59edfe7
2026-09-15 12:11,NOUVEAU,Kauffrau im Gross- und Aussenhandelsmanagement,Ausbildung zum Verkäufer / Kaufmann im Einzelhandel zum 01.08.2027 (m/w/d)bei ALDI Nord23556 Lübeck + 666 weiterenach Absprache782 Plätze,Aldi Nord,Deutschland (Allemagne),Non détecté (Postuler via lien),Ausbildung.de,https://www.ausbildung.de/stellen/ausbildung-zum-verkaeufer-kaufmann-im-einzelhandel-zum-01-08-2027-m-w-d-bei-aldi-nord-in-luebeck-ba713c4a-52b5-485b-bdcc-fe9c11629ac2/,aus_538bf6c0
2026-09-15 12:11,NOUVEAU,Kauffrau im Gross- und Aussenhandelsmanagement,Ausbildung zum Hörakustiker (m/w/d)bei GEERS (Sonova Retail Deutschland GmbH)23564 Lübeck + 337 weiterenach Absprache338 Plätze,Geers Sonova Retail Deutschland Gmbh,Deutschland (Allemagne),recruiting.de@sonova.com,Ausbildung.de,https://www.ausbildung.de/stellen/ausbildung-zum-hoerakustiker-m-w-d-bei-geers-sonova-retail-deutschland-gmbh-in-luebeck-f99df956-b4ca-459f-9b30-9f934eb854e4/,aus_0c09c054
2026-09-15 12:12,NOUVEAU,Kauffrau im Gross- und Aussenhandelsmanagement,Aus- und Fortbildung zum Handelsfachwirt (m/w/d)bei KiK Textilien und Non-Food GmbH23554 Lübeck + 887 weiterenach Absprache890 Plätze,Kik Textilien Und Non Food Gmbh,Deutschland (Allemagne),Non détecté (Postuler via lien),Ausbildung.de,https://www.ausbildung.de/stellen/aus-und-fortbildung-zum-handelsfachwirt-m-w-d-bei-kik-textilien-und-non-food-gmbh-in-luebeck-fd0be969-4b7e-468d-b07b-7b0978e6b104/,aus_87a0b986
2026-09-15 12:12,NOUVEAU,Kauffrau im Gross- und Aussenhandelsmanagement,"Ausbildung zum Kaufmann im Einzelhandel (m/w/d), Lübeckbei Deichmann SE23566 Lübeck + 289 weitere01.09.2026307 Plätze",Deichmann Se,Deutschland (Allemagne),Non détecté (Postuler via lien),Ausbildung.de,https://www.ausbildung.de/stellen/ausbildung-zum-kaufmann-im-einzelhandel-m-w-d-luebeck-bei-deichmann-se-in-luebeck-4c499f30-2d9c-4afc-a37f-64af30008ee0/,aus_892e0029
2026-09-15 12:12,NOUVEAU,Kauffrau im Gross- und Aussenhandelsmanagement,"Ausbildung zum Verkäufer (m/w/d), Lübeckbei Deichmann SE23566 Lübeck + 286 weitere01.09.2026311 Plätze",Deichmann Se,Deutschland (Allemagne),Non détecté (Postuler via lien),Ausbildung.de,https://www.ausbildung.de/stellen/ausbildung-zum-verkaeufer-m-w-d-luebeck-bei-deichmann-se-in-luebeck-49120d23-7706-47da-af85-5ea49e995a74/,aus_ee48aa52
2026-09-15 12:12,NOUVEAU,Kauffrau im Gross- und Aussenhandelsmanagement,Ausbildung zum Kaufmann im Einzelhandel (m/w/d)bei KiK Textilien und Non-Food GmbH23554 Lübeck + 525 weiterenach Absprache527 Plätze,Kik Textilien Und Non Food Gmbh,Deutschland (Allemagne),Non détecté (Postuler via lien),Ausbildung.de,https://www.ausbildung.de/stellen/ausbildung-zum-kaufmann-im-einzelhandel-m-w-d-bei-kik-textilien-und-non-food-gmbh-in-luebeck-603d7e85-bae6-4283-9d61-d4e72a9d1fcb/,aus_c0c6a320
2026-09-15 12:12,NOUVEAU,Kauffrau im Gross- und Aussenhandelsmanagement,Ausbildung zum Verkäufer (m/w/d)bei KiK Textilien und Non-Food GmbH23554 Lübeck + 683 weiterenach Absprache686 Plätze,Kik Textilien Und Non Food Gmbh,Deutschland (Allemagne),Non détecté (Postuler via lien),Ausbildung.de,https://www.ausbildung.de/stellen/ausbildung-zum-verkaeufer-m-w-d-bei-kik-textilien-und-non-food-gmbh-in-luebeck-cc9a16fb-c41a-4afe-b473-e4f6f1fb1ccb/,aus_969c54bd
2026-09-15 12:12,NOUVEAU,Kauffrau im Gross- und Aussenhandelsmanagement,Ausbildung Schornsteinfeger/in (m/w/d)bei LIV Schornsteinfeger Schleswig-HolsteinLübeck + 14 weitere01.09.202615 Plätze,Liv Schornsteinfeger Schleswig Holstein,Deutschland (Allemagne),info@schornsteinfeger-sh.de,Ausbildung.de,https://www.ausbildung.de/stellen/ausbildung-schornsteinfeger-in-m-w-d-bei-liv-schornsteinfeger-schleswig-holstein-in-luebeck-83494b96-f360-40db-9453-e0bd0b7a551f/,aus_16aece70
2026-09-15 12:12,NOUVEAU,Kauffrau im Gross- und Aussenhandelsmanagement,Ausbildung zum Verkäufer/inbei Norma Lebensmittelfilialbetrieb Stiftung & Co. KG23562 Lübeck + 1337 weiterenach Absprache1338 Plätze,Norma Lebensmittelfilialbetrieb Stiftung Co Kg,Deutschland (Allemagne),personalentwicklung@norma-online.de,Ausbildung.de,https://www.ausbildung.de/stellen/ausbildung-zum-verkaeufer-in-bei-norma-lebensmittelfilialbetrieb-stiftung-co-kg-in-luebeck-6deb1f45-87c4-457b-9ea6-5af4259e4e7a/,aus_ca58ed31
2026-09-15 12:12,NOUVEAU,Kauffrau fuer Spedition und Logistikdienstleistung,Ausbildung Pflegefachfrau/Pflegefachmann (3 Jahre)bei apm47058 Duisburg + 35 weitere01.09.202675 Plätze,Apm,Deutschland (Allemagne),Non détecté (Postuler via lien),Ausbildung.de,https://www.ausbildung.de/stellen/ausbildung-pflegefachfrau-pflegefachmann-bei-apm-in-duisburg-dc1dfa21-5c7d-4cd6-a9f0-75b79e0c9db0/,aus_db0568f5
2026-09-15 12:12,NOUVEAU,Kauffrau fuer Spedition und Logistikdienstleistung,Aus- und Fortbildung zum Handelsfachwirt (m/w/d)bei KiK Textilien und Non-Food GmbH47051 Duisburg + 887 weiterenach Absprache890 Plätze,Kik Textilien Und Non Food Gmbh,Deutschland (Allemagne),Non détecté (Postuler via lien),Ausbildung.de,https://www.ausbildung.de/stellen/aus-und-fortbildung-zum-handelsfachwirt-m-w-d-bei-kik-textilien-und-non-food-gmbh-in-duisburg-0964b392-db3a-4818-beb8-3a29d9d1c425/,aus_1aa9b1b1
2026-09-15 12:13,NOUVEAU,Kauffrau fuer Spedition und Logistikdienstleistung,Ausbildung Augenoptiker/in (m/w/d)bei Smile Optic47051 Duisburg + 11 weiterenach Absprache12 Plätze,Smile Optic,Deutschland (Allemagne),info@smileoptic.de,Ausbildung.de,https://www.ausbildung.de/stellen/ausbildung-augenoptiker-in-m-w-d-bei-smile-optic-in-duisburg-3f1a7c0b-bed1-438b-af8b-5e30c1d8ca9d/,aus_5902010f
2026-09-15 12:13,NOUVEAU,Kauffrau fuer Spedition und Logistikdienstleistung,Ausbildung Bäckereifachverkäufer/in (m/w/d)bei Bäckerei Horsthemke47051 Duisburg + 39 weiterenach Absprache40 Plätze,Baeckerei Horsthemke,Deutschland (Allemagne),ausbildung@baeckerei-horsthemke.de,Ausbildung.de,https://www.ausbildung.de/stellen/ausbildung-baeckereifachverkaeufer-in-m-w-d-bei-baeckerei-horsthemke-in-duisburg-ffc93f85-39f2-4aea-819f-ce8111a8f932/,aus_2bdb6d88
2026-09-15 12:13,NOUVEAU,Kauffrau fuer Spedition und Logistikdienstleistung,Duales Studium Fitnesstraining (m/w/d)bei wellyou Verwaltungsgesellschaft mbH47239 Duisburg + 19 weiterenach Absprache20 Plätze,Wellyou Verwaltungsgesellschaft Mbh,Deutschland (Allemagne),bewerbung@wellyou.eu,Ausbildung.de,https://www.ausbildung.de/stellen/duales-studium-fitnesstraining-m-w-d-bei-wellyou-verwaltungsgesellschaft-mbh-in-duisburg-50cc0d3c-0fe5-4ec5-a299-238de0c3273d/,aus_fcf8713e
2026-09-15 12:13,NOUVEAU,Kauffrau fuer Spedition und Logistikdienstleistung,Ausbildung zum Kaufmann im Einzelhandel (m/w/d)bei KiK Textilien und Non-Food GmbH47053 Duisburg + 525 weiterenach Absprache527 Plätze,Kik Textilien Und Non Food Gmbh,Deutschland (Allemagne),Non détecté (Postuler via lien),Ausbildung.de,https://www.ausbildung.de/stellen/ausbildung-zum-kaufmann-im-einzelhandel-m-w-d-bei-kik-textilien-und-non-food-gmbh-in-duisburg-147ac6bd-fbdd-4c1f-b6cb-61a2d37bcd16/,aus_9a636461
2026-09-15 12:13,NOUVEAU,Kauffrau fuer Spedition und Logistikdienstleistung,Ausbildung zum Verkäufer (m/w/d)bei KiK Textilien und Non-Food GmbH47053 Duisburg + 683 weiterenach Absprache686 Plätze,Kik Textilien Und Non Food Gmbh,Deutschland (Allemagne),Non détecté (Postuler via lien),Ausbildung.de,https://www.ausbildung.de/stellen/ausbildung-zum-verkaeufer-m-w-d-bei-kik-textilien-und-non-food-gmbh-in-duisburg-c8b2db7f-ad7f-4b22-ae18-527862947221/,aus_8a01ffc0
2026-09-15 12:13,NOUVEAU,Kauffrau fuer Spedition und Logistikdienstleistung,Ausbildung Pflegefachmann/-frau (m/w/d)bei Vidacta Schulen GmbH47057 Duisburg + 3 weitere01.10.20264 Plätze,Vidacta Schulen Gmbh,Deutschland (Allemagne),info@vidacta-schulen.de,Ausbildung.de,https://www.ausbildung.de/stellen/ausbildung-pflegefachmann-frau-m-w-d-bei-vidacta-schulen-gmbh-in-duisburg-eb28e475-4200-4392-b604-e84507a4ae02/,aus_9122d6bb
2026-09-15 12:13,NOUVEAU,Kauffrau fuer Spedition und Logistikdienstleistung,Ausbildung Physiotherapeut/in (m/w/d)bei Vidacta Schulen GmbH47057 Duisburg + 3 weitere01.10.20264 Plätze,Vidacta Schulen Gmbh,Deutschland (Allemagne),info@vidacta-schulen.de,Ausbildung.de,https://www.ausbildung.de/stellen/ausbildung-physiotherapeut-in-m-w-d-bei-vidacta-schulen-gmbh-in-duisburg-676bd6e3-6992-44ad-ba7b-53111d3a99b8/,aus_18fd427a
2026-09-15 12:13,NOUVEAU,Kauffrau fuer Spedition und Logistikdienstleistung,Ausbildung Ergotherapeut/in (m/w/d)bei Vidacta Schulen GmbH47057 Duisburg + 2 weitere01.10.20263 Plätze,Vidacta Schulen Gmbh,Deutschland (Allemagne),info@vidacta-schulen.de,Ausbildung.de,https://www.ausbildung.de/stellen/ausbildung-ergotherapeut-in-m-w-d-bei-vidacta-schulen-gmbh-in-duisburg-080be16c-3d23-47b4-9a92-e92196330f7d/,aus_6a3b2f8a
2026-09-15 12:12,NOUVEAU,Kaufmann fuer Buromanagement,Ausbildung zum Verkäufer (m/w/d) - 2026bei Hieber´s Frische Center Müllheim79379 Müllheim im Markgräflerland 01.09.20261 Platz,Edeka Verbund,Deutschland (Allemagne),bewerbung@edeka-suedwest.de,Ausbildung.de,https://www.ausbildung.de/stellen/ausbildung-zum-verkaeufer-m-w-d-2026-bei-edeka-verbund-in-muellheim-im-markgraeflerland-358765a4-5811-46e8-9ae7-6782336c2685/,aus_966ded3e
2026-09-15 12:12,NOUVEAU,Kaufmann fuer Buromanagement,Ausbildung Gärtner*in - Fachrichtung Garten- und Landschaftsbau (m/w/d)bei Stadtverwaltung Mannheim68159 Mannheim 01.09.20261 Platz,Stadtverwaltung Mannheim,Deutschland (Allemagne),sabrina.barth@mannheim.de,Ausbildung.de,https://www.ausbildung.de/stellen/ausbildung-gaertner-in-fachrichtung-garten-und-landschaftsbau-m-w-d-bei-stadtverwaltung-mannheim-in-mannheim-2c4ca649-ed0b-42a1-9276-038a6722659e/,aus_de7f1304
2026-09-15 12:12,NOUVEAU,Kaufmann fuer Buromanagement,Ausbildung zum Verkäufer (m/w/d) - 2026bei nah und gut Markt Bruhn & Wahlbrink68167 Mannheim + 1 weiterer01.09.20262 Plätze,Edeka Verbund,Deutschland (Allemagne),bewerbung@edeka-suedwest.de,Ausbildung.de,https://www.ausbildung.de/stellen/ausbildung-zum-verkaeufer-m-w-d-2026-bei-edeka-verbund-in-mannheim-2a8701e3-42d6-421f-8f62-76d12ce6567e/,aus_012ff948
2026-09-15 12:12,NOUVEAU,Kaufmann fuer Buromanagement,Ausbildung Kaufmann/-frau für Versicherungen und Finanzanlagen (m/w/d)bei INTER Krankenversicherung AG68165 Mannheim 01.09.20261 Platz,Inter Krankenversicherung Ag,Deutschland (Allemagne),Non détecté (Postuler via lien),Ausbildung.de,https://www.ausbildung.de/stellen/ausbildung-kaufmann-frau-fuer-versicherungen-und-finanzanlagen-m-w-d-bei-inter-krankenversicherung-ag-in-mannheim-166f325a-0b85-4c57-a805-87227718dd33/,aus_af5b6723
2026-09-15 12:13,NOUVEAU,Kaufmann fuer Buromanagement,"Duales Studium B.A. (m/w/d), BWL - Handelsmanagement, Großraum Mannheimbei Deichmann SE68159 Mannheim + 21 weitere01.10.202622 Plätze",Deichmann Se,Deutschland (Allemagne),Non détecté (Postuler via lien),Ausbildung.de,https://www.ausbildung.de/stellen/duales-studium-b-a-m-w-d-bwl-handelsmanagement-grossraum-mannheim-bei-deichmann-se-in-mannheim-85563add-da42-477a-8859-02f2266c8154/,aus_e2e9aa5e
2026-09-15 12:13,NOUVEAU,Kaufmann fuer Buromanagement,Duales Studium: BWL - Food Management (m/w/d) - 2026bei Hieber´s Frische Center Müllheim79379 Müllheim im Markgräflerland 01.10.20261 Platz,Edeka Verbund,Deutschland (Allemagne),bewerbung@edeka-suedwest.de,Ausbildung.de,https://www.ausbildung.de/stellen/duales-studium-bwl-food-management-m-w-d-2026-bei-edeka-verbund-in-muellheim-im-markgraeflerland-54ec7428-ddbe-4a41-8a71-53d3cd5aa50b/,aus_d93be9f6
2026-09-15 12:13,NOUVEAU,Kaufmann fuer Buromanagement,Duales Studium: BWL-Handelsmanagement - Markt (m/w/d) - 2026bei Hieber´s Frische Center Müllheim79379 Müllheim im Markgräflerland 01.10.20261 Platz,Edeka Verbund,Deutschland (Allemagne),bewerbung@edeka-suedwest.de,Ausbildung.de,https://www.ausbildung.de/stellen/duales-studium-bwl-handelsmanagement-markt-m-w-d-2026-bei-edeka-verbund-in-muellheim-im-markgraeflerland-a88bbce4-4021-4c7f-82ac-2983cece9ad9/,aus_3aa2c2e5
2026-09-15 12:13,NOUVEAU,Kaufmann fuer Buromanagement,Ausbildung Kaufmann im Einzelhandel (m/w/d) - 2026bei EDEKA Scholz67061 Ludwigshafen am Rhein + 4 weitere01.09.20265 Plätze,Edeka Verbund,Deutschland (Allemagne),bewerbung@edeka-scholz.de,Ausbildung.de,https://www.ausbildung.de/stellen/ausbildung-kaufmann-im-einzelhandel-m-w-d-2026-bei-edeka-verbund-in-ludwigshafen-am-rhein-54188cb6-1f2b-4423-89f8-e41fbb6b8d57/,aus_d16c20fc
2026-09-15 12:13,NOUVEAU,Kaufmann fuer Buromanagement,Ausbildung für den mittleren Auswärtigen Dienst (m/w/d)bei Auswärtiges Amt68159 Mannheim + 34 weiterenach Absprache35 Plätze,Auswaertiges Amt,Deutschland (Allemagne),Non détecté (Postuler via lien),Ausbildung.de,https://www.ausbildung.de/stellen/ausbildung-verwaltungswirt-in-mittlerer-dienst-m-w-d-bei-auswaertiges-amt-in-mannheim-de35ff73-2c1b-4d5f-91a9-7799a499789d/,aus_d466961c
2026-09-15 12:13,NOUVEAU,Kaufmann fuer Buromanagement,Duales Studium für den gehobenen Auswärtigen Dienst (m/w/d)bei Auswärtiges Amt68159 Mannheim + 34 weiterenach Absprache35 Plätze,Auswaertiges Amt,Deutschland (Allemagne),Non détecté (Postuler via lien),Ausbildung.de,https://www.ausbildung.de/stellen/duales-studium-verwaltung-m-w-d-bei-auswaertiges-amt-in-mannheim-9c5f51b8-0c73-4e36-a4a2-f6412001dc61/,aus_066f8819
2026-09-15 12:13,NOUVEAU,Kaufmann fuer Buromanagement,Ausbildung Fachverkäufer Fleischerei (m/w/d) - 2026bei Marktkauf/Scheck-in Center68167 Mannheim + 2 weitere01.09.20266 Plätze,Edeka Verbund,Deutschland (Allemagne),ausbildung@scheck-in-center.de,Ausbildung.de,https://www.ausbildung.de/stellen/ausbildung-fachverkaeufer-fleischerei-m-w-d-2026-bei-edeka-verbund-in-mannheim-6f8ba1dc-7c94-44d9-a99f-1dd2b55c7c71/,aus_d15353d2
2026-09-15 12:13,NOUVEAU,Kaufmann fuer Buromanagement,Aus- und Fortbildung zum Handelsfachwirt (m/w/d)bei KiK Textilien und Non-Food GmbH67063 Ludwigshafen am Rhein + 887 weiterenach Absprache890 Plätze,Kik Textilien Und Non Food Gmbh,Deutschland (Allemagne),Non détecté (Postuler via lien),Ausbildung.de,https://www.ausbildung.de/stellen/aus-und-fortbildung-zum-handelsfachwirt-m-w-d-bei-kik-textilien-und-non-food-gmbh-in-ludwigshafen-am-rhein-c10ea2de-fbd2-4088-b21b-83137158fd12/,aus_f51244d8
2026-09-15 12:13,NOUVEAU,Kaufmann fuer Buromanagement,Ausbildung als staatlich anerkannte/r Modedesigner/inbei Modeschule Brigitte Kehrer Stuttgart68161 Mannheim + 1 weiterer28.09.20262 Plätze,Modeschule Kehrer Design Academy,Deutschland (Allemagne),info@kehrer-design-academy.de,Ausbildung.de,https://www.ausbildung.de/stellen/ausbildung-als-staatlich-anerkannte-r-modedesigner-in-bei-modeschule-kehrer-design-academy-in-mannheim-326551b5-fee5-4876-8a2d-cdd28794ad4d/,aus_28e39281
2026-09-15 12:13,NOUVEAU,Kaufmann fuer Buromanagement,Ausbildung zum Kaufmann im Einzelhandel (m/w/d)bei Deutsche Telekom AG68161 Mannheim + 111 weitere30.09.2026122 Plätze,Deutsche Telekom Ag,Deutschland (Allemagne),Non détecté (Postuler via lien),Ausbildung.de,https://www.ausbildung.de/stellen/ausbildung-zum-kaufmann-im-einzelhandel-m-w-d-bei-deutsche-telekom-ag-in-mannheim-08f0f4af-cad4-45ad-93fa-f10df48e2ea4/,aus_4c44b259
2026-09-15 12:13,NOUVEAU,Kaufmann fuer Buromanagement,Ausbildung zum Verkäufer (m/w/d)bei KiK Textilien und Non-Food GmbH68159 Mannheim + 683 weiterenach Absprache686 Plätze,Kik Textilien Und Non Food Gmbh,Deutschland (Allemagne),Non détecté (Postuler via lien),Ausbildung.de,https://www.ausbildung.de/stellen/ausbildung-zum-verkaeufer-m-w-d-bei-kik-textilien-und-non-food-gmbh-in-mannheim-46892c56-0fef-4484-96b0-1734b00b7a9d/,aus_c98a5d14
2026-09-15 12:13,NOUVEAU,Kaufmann fuer Buromanagement,Grafikdesign-Ausbildung + Bachelorstudium Kommunikationsdesign (B.A.) – bundesweit mit Online-Seminarenbei DIPLOMA Hochschule68167 Mannheim + 2 weitere01.09.2026,Bernd Blindow Gruppe,Deutschland (Allemagne),meinstudium@diploma.de,Ausbildung.de,https://www.ausbildung.de/stellen/grafikdesign-ausbildung-bachelorstudium-kommunikationsdesign-b-a-bundesweit-mit-online-seminaren-bei-bernd-blindow-gruppe-in-mannheim-b4b8a148-32d0-49b1-8d63-c878587b4b5a/,aus_98639160
2026-09-15 12:13,NOUVEAU,Kaufmann fuer Buromanagement,Grafikdesign Ausbildung in Mannheimbei Bernd-Blindow-Schulen68167 Mannheim + 2 weitere01.09.2026,Bernd Blindow Gruppe,Deutschland (Allemagne),Non détecté (Postuler via lien),Ausbildung.de,https://www.ausbildung.de/stellen/grafikdesign-ausbildung-in-mannheim-bei-bernd-blindow-gruppe-in-mannheim-5bb4f5d6-1c7d-48b4-9b99-9a9760c5a1a9/,aus_67a09838
2026-09-15 12:14,NOUVEAU,Kaufmann fuer Buromanagement,PTA Ausbildungbei Bernd-Blindow-Schulen68167 Mannheim + 12 weitere01.09.2026,Bernd Blindow Gruppe,Deutschland (Allemagne),Non détecté (Postuler via lien),Ausbildung.de,https://www.ausbildung.de/stellen/pta-ausbildung-bei-bernd-blindow-gruppe-in-mannheim-b2def0db-da12-44aa-bfa4-b554a306dd40/,aus_1722aa8a
2026-09-15 12:14,NOUVEAU,Kaufmann fuer Buromanagement,Ausbildung Kaufmann/-frau im Einzelhandel (m/w/d)bei Norma Lebensmittelfilialbetrieb Stiftung & Co. KG68159 Mannheim + 1346 weiterenach Absprache1347 Plätze,Norma Lebensmittelfilialbetrieb Stiftung Co Kg,Deutschland (Allemagne),personalentwicklung@norma-online.de,Ausbildung.de,https://www.ausbildung.de/stellen/ausbildung-zum-verkaeufer-in-bei-norma-lebensmittelfilialbetrieb-stiftung-co-kg-in-mannheim-2650aa5a-a671-47c0-89f5-77092b6668ac/,aus_6b2ce95d
2026-09-15 12:14,NOUVEAU,Kaufmann fuer Buromanagement,Ausbildung zum Verkäufer/inbei Norma Lebensmittelfilialbetrieb Stiftung & Co. KG68159 Mannheim + 1337 weiterenach Absprache1338 Plätze,Norma Lebensmittelfilialbetrieb Stiftung Co Kg,Deutschland (Allemagne),personalentwicklung@norma-online.de,Ausbildung.de,https://www.ausbildung.de/stellen/ausbildung-zum-verkaeufer-in-bei-norma-lebensmittelfilialbetrieb-stiftung-co-kg-in-mannheim-53d9a1f9-f8c7-499e-9221-9b92d7c5eb67/,aus_ad3e7f89
2026-09-15 12:14,NOUVEAU,Kaufmann fuer Buromanagement,Ausbildung Mechatroniker (m/w/d) für Kältetechnikbei Carrier Klimatechnik GmbH21107 Dresden + 8 weitere01.09.20269 Plätze,Carrier Klimatechnik Gmbh,Deutschland (Allemagne),Non détecté (Postuler via lien),Ausbildung.de,https://www.ausbildung.de/stellen/ausbildung-mechatroniker-m-w-d-fuer-kaeltetechnik-bei-carrier-klimatechnik-gmbh-in-dresden-2b8257f0-1d1b-41ac-b1bf-52b356df092d/,aus_923abf01
2026-09-15 12:14,NOUVEAU,Kaufmann fuer Buromanagement,IHK Auszubildende zur/zum Kauffrau/-mann für Versicherungen und Finanzanlagen (m/w/d)bei Swiss Life Select Deutschland GmbH00000 Dresden + 59 weiterenach Absprache60 Plätze,Swiss Life Select Deutschland Gmbh,Deutschland (Allemagne),Non détecté (Postuler via lien),Ausbildung.de,https://www.ausbildung.de/stellen/ihk-auszubildende-zur-zum-kauffrau-mann-fuer-versicherungen-und-finanzanlagen-m-w-d-bei-swiss-life-select-deutschland-gmbh-in-dresden-aa8dcce7-efb1-401d-a46c-ba4be9ee4641/,aus_8bb2f8d7
2026-09-15 12:14,NOUVEAU,Kaufmann fuer Buromanagement,Ausbildung zur / zum Köchin / Koch (m/w/d) 2026bei Bundeswehr01219 Dresden + 5 weitere01.09.202613 Plätze,Bundeswehr,Deutschland (Allemagne),bwdlzdresdenausbildung@bundeswehr.org,Ausbildung.de,https://www.ausbildung.de/stellen/ausbildung-zur-zum-koechin-koch-m-w-d-bei-bundeswehr-in-dresden-8e18eb00-55c9-4eae-8c50-d44450dab305/,aus_aa295282
2026-09-15 12:14,NOUVEAU,Kaufmann fuer Buromanagement,Ausbildung zum Verkäufer / Kaufmann im Einzelhandel zum 01.09.2026 (m/w/d)bei ALDI Nord01067 Dresden + 666 weiterenach Absprache782 Plätze,Aldi Nord,Deutschland (Allemagne),Non détecté (Postuler via lien),Ausbildung.de,https://www.ausbildung.de/stellen/ausbildung-zum-verkaeufer-kaufmann-im-einzelhandel-zum-01-09-2026-m-w-d-bei-aldi-nord-in-dresden-8780027a-6ce2-4b75-b950-ee9c09714eb4/,aus_3a60d1dc
2026-09-15 12:14,NOUVEAU,Kaufmann fuer Buromanagement,Ausbildung zum Augenoptiker (w/m/d) für 2026bei Fielmann Group AG01067 Dresden + 600 weiterenach Absprache679 Plätze,Fielmann Group Ag,Deutschland (Allemagne),Non détecté (Postuler via lien),Ausbildung.de,https://www.ausbildung.de/stellen/ausbildung-zum-augenoptiker-w-m-d-fuer-2026-bei-fielmann-group-ag-in-dresden-31823990-f052-459c-b702-58ed008ea8e2/,aus_b6a84669
2026-09-15 12:14,NOUVEAU,Kaufmann fuer Buromanagement,KompetenzCentrum Pflege (1 Jahr)bei apm01069 Dresden + 28 weitere21.09.202668 Plätze,Apm,Deutschland (Allemagne),Non détecté (Postuler via lien),Ausbildung.de,https://www.ausbildung.de/stellen/kompetenzcentrum-pflege-1-jahr-bei-apm-in-dresden-d1c65a61-77c6-4df6-a828-2eb04768de67/,aus_d827de18
2026-09-15 12:15,NOUVEAU,Kaufmann fuer Buromanagement,Ausbildung für den mittleren Auswärtigen Dienst (m/w/d)bei Auswärtiges Amt01607 Dresden + 34 weiterenach Absprache35 Plätze,Auswaertiges Amt,Deutschland (Allemagne),Non détecté (Postuler via lien),Ausbildung.de,https://www.ausbildung.de/stellen/ausbildung-beamter-beamtin-verfassungsschutz-mittlerer-dienst-m-w-d-bei-auswaertiges-amt-in-dresden-6df727c8-9815-47ca-88f7-9e3661a198e0/,aus_484eb50e
2026-09-15 12:15,NOUVEAU,Kaufmann fuer Buromanagement,Duales Studium für den gehobenen Auswärtigen Dienst (m/w/d)bei Auswärtiges Amt01607 Dresden + 34 weiterenach Absprache35 Plätze,Auswaertiges Amt,Deutschland (Allemagne),Non détecté (Postuler via lien),Ausbildung.de,https://www.ausbildung.de/stellen/duales-studium-verwaltung-m-w-d-bei-auswaertiges-amt-in-dresden-ec7819af-09d3-43e2-b718-ab943f192b3c/,aus_47c938cf
2026-09-15 12:15,NOUVEAU,Kaufmann fuer Buromanagement,Ausbildung 2026 - Gebäudereiniger (m/w/d) - ID: 13426bei Dussmann Service Deutschland GmbH01307 Dresden nach Absprache1 Platz,Dussmann Service Deutschland Gmbh,Deutschland (Allemagne),bewerbungen@dussmanngroup.com,Ausbildung.de,https://www.ausbildung.de/stellen/ausbildung-2026-gebaeudereiniger-m-w-d-id-13426-bei-dussmann-service-deutschland-gmbh-in-dresden-79b8ae15-79c4-4ebd-9331-333aea2f04cf/,aus_2eb97b03
2026-09-15 12:15,NOUVEAU,Kaufmann fuer Buromanagement,Ausbildung Automobilkauffrau / Automobilkaufmann (m/w/d)bei VGRDD GmbH01067 Dresden + 4 weiterenach Absprache5 Plätze,Volkswagen Group Retail Deutschland,Deutschland (Allemagne),Non détecté (Postuler via lien),Ausbildung.de,https://www.ausbildung.de/stellen/ausbildung-automobilkauffrau-automobilkaufmann-m-w-d-bei-volkswagen-group-retail-deutschland-in-dresden-f6a24844-8494-43e1-bf7e-7da5b2480f17/,aus_f80283e2
2026-09-15 12:15,NOUVEAU,Kaufmann fuer Buromanagement,Duales Studium zum Diplom-Ingenieur (m/w/d) Nachhaltige Ingenieurwissenschaften für Immobilien und Anlagenbei G+H ISOLIERUNG GmbH01099 Dresden + 9 weitere01.10.202611 Plätze,G H Isolierung Gmbh,Deutschland (Allemagne),martina.pfeufer@vinci-energies.net,Ausbildung.de,https://www.ausbildung.de/stellen/duales-studium-zum-diplom-ingenieur-m-w-d-nachhaltige-ingenieurwissenschaften-fuer-immobilien-und-anlagen-bei-g-h-isolierung-gmbh-in-dresden-88623a1c-b5d8-459c-a83d-331d0e5e141b/,aus_6afa4274
2026-09-15 12:15,NOUVEAU,Kaufmann fuer Buromanagement,Ausbildung zum Hörakustiker (m/w/d) Kamenzbei GEERS (Sonova Retail Deutschland GmbH)01069 Dresden + 337 weiterenach Absprache338 Plätze,Geers Sonova Retail Deutschland Gmbh,Deutschland (Allemagne),recruiting.de@sonova.com,Ausbildung.de,https://www.ausbildung.de/stellen/ausbildung-zum-hoerakustiker-m-w-d-kamenz-bei-geers-sonova-retail-deutschland-gmbh-in-dresden-c2e78ee3-f278-487b-bddc-609af561d797/,aus_f03a462b
2026-09-15 12:15,NOUVEAU,Kaufmann fuer Buromanagement,Duales Studium BWL - Spezialisierung Sozialmanagement (B.A.) am Campus oder virtuellbei IU Duales Studium01067 Dresden + 23 weitere01.10.2026528 Plätze,Iu Duales Studium,Deutschland (Allemagne),Non détecté (Postuler via lien),Ausbildung.de,https://www.ausbildung.de/stellen/duales-studium-bwl-spezialisierung-sozialmanagement-b-a-am-campus-oder-virtuell-bei-iu-duales-studium-in-dresden-79adbac3-5a80-4bb3-884e-3c8bca9bce76/,aus_bb64e6bd
2026-09-15 12:15,NOUVEAU,Kaufmann fuer Buromanagement,Ausbildung Mechatroniker/in für Kältetechnik (m/w/d)bei Carrier Klimatechnik GmbH01309 Dresden + 7 weitere01.09.202622 Plätze,Viessmann Climate Solutions,Deutschland (Allemagne),Non détecté (Postuler via lien),Ausbildung.de,https://www.ausbildung.de/stellen/ausbildung-mechatroniker-in-fuer-kaeltetechnik-m-w-d-bei-viessmann-climate-solutions-in-dresden-7337f68c-77a6-430b-8339-e357b4d6ac24/,aus_b4312c3f
2026-09-15 12:15,NOUVEAU,Kaufmann fuer Buromanagement,Ausbildung Fachkraft für Lagerlogistik (m/w/d)bei VGRDD GmbH01067 Dresden nach Absprache1 Platz,Volkswagen Group Retail Deutschland,Deutschland (Allemagne),Non détecté (Postuler via lien),Ausbildung.de,https://www.ausbildung.de/stellen/ausbildung-fachkraft-fuer-lagerlogistik-m-w-d-bei-volkswagen-group-retail-deutschland-in-dresden-9cf29a4c-7906-4036-a90f-3258e347de07/,aus_1a4924d4
2026-09-15 12:16,NOUVEAU,Kaufmann fuer Buromanagement,Ausbildung Kfz-Mechatroniker Pkw-Technik (m/w/d)bei VGRDD GmbH01067 Dresden + 2 weiterenach Absprache3 Plätze,Volkswagen Group Retail Deutschland,Deutschland (Allemagne),Non détecté (Postuler via lien),Ausbildung.de,https://www.ausbildung.de/stellen/ausbildung-kfz-mechatroniker-pkw-technik-m-w-d-bei-volkswagen-group-retail-deutschland-in-dresden-75f4e708-790b-4e66-be12-bd6d0096c8ba/,aus_9a956336
2026-09-15 12:16,NOUVEAU,Kaufmann fuer Buromanagement,Duales Studium Hotelmanagement (B.A.) | SRH Fernhochschulebei Bee/Partment GmbH01097 Dresden + 2 weiterenach Absprache3 Plätze Beliebter Ausbildungsbetrieb,Bee Partment Gmbh,Deutschland (Allemagne),workerbee@beepartment.de,Ausbildung.de,https://www.ausbildung.de/stellen/duales-studium-hotelmanagement-b-a-m-w-d-bei-bee-partment-gmbh-in-dresden-d1fc8897-6284-4063-8038-1b402ca63463/,aus_9d66aea3
2026-09-15 12:16,NOUVEAU,Kaufmann fuer Buromanagement,Duales Studium BWL (B.A.) am Campus oder virtuellbei IU Duales Studium01067 Dresden + 23 weitere01.10.20261134 Plätze,Iu Duales Studium,Deutschland (Allemagne),Non détecté (Postuler via lien),Ausbildung.de,https://www.ausbildung.de/stellen/duales-studium-bwl-b-a-am-campus-oder-virtuell-bei-iu-duales-studium-in-dresden-b097f736-b27d-4685-9bb6-2e6d7095faf8/,aus_789fa273
2026-09-15 12:16,NOUVEAU,Kaufmann fuer Buromanagement,Duales Studium Gesundheitsmanagement (B.A.) am virtuellen Campus - Semafit & Gesund GmbHbei Semafit & Gesund GmbH01099 Dresden 01.10.20261 Platz,Iu Duales Studium,Deutschland (Allemagne),Non détecté (Postuler via lien),Ausbildung.de,https://www.ausbildung.de/stellen/duales-studium-gesundheitsmanagement-b-a-am-virtuellen-campus-semafit-gesund-gmbh-bei-iu-duales-studium-in-dresden-cebf580f-2e77-4aa1-ac5c-a9182b13441e/,aus_5c8319bf
2026-09-15 12:16,NOUVEAU,Kaufmann fuer Buromanagement,Ausbildung Kaufmann/-frau im Einzelhandel (m/w/d)bei Norma Lebensmittelfilialbetrieb Stiftung & Co. KG01217 Dresden + 1346 weiterenach Absprache1347 Plätze,Norma Lebensmittelfilialbetrieb Stiftung Co Kg,Deutschland (Allemagne),personalentwicklung@norma-online.de,Ausbildung.de,https://www.ausbildung.de/stellen/ausbildung-zum-verkaeufer-in-bei-norma-lebensmittelfilialbetrieb-stiftung-co-kg-in-dresden-4f90ed05-ead0-4f47-b7e2-fcab28510161/,aus_039775de
2026-09-15 12:16,NOUVEAU,Kaufmann fuer Buromanagement,Ausbildung Mechatroniker (m/w/d) Kundendienst Karlsruhe 2026 2025bei BSH Hausgeräte GmbH76133 Karlsruhe + 3 weitere01.09.20269 Plätze,Bsh Hausgeraete Gmbh,Deutschland (Allemagne),Non détecté (Postuler via lien),Ausbildung.de,https://www.ausbildung.de/stellen/ausbildung-mechatroniker-m-w-d-kundendienst-karlsruhe-2025-bei-bsh-hausgeraete-gmbh-in-karlsruhe-668f7deb-7ec4-499a-b04c-ffb8caae90d4/,aus_3e4a54f1
2026-09-15 12:16,NOUVEAU,Kaufmann fuer Buromanagement,Ausbildung Kaufleute im Einzelhandel (m/w/d)bei Storch und Beller & Co GmbH Medizin- und Orthopädietechnik76133 Karlsruhe 01.09.20261 Platz,Storch Und Beller Co Gmbh Medizin Und Orthopaedietechnik,Deutschland (Allemagne),ausbildung@storch-beller.de,Ausbildung.de,https://www.ausbildung.de/stellen/ausbildung-kaufleute-im-einzelhandel-m-w-d-bei-storch-und-beller-co-gmbh-medizin-und-orthopaedietechnik-in-karlsruhe-c3dd752d-9e56-49b6-ad56-fa09cfdbadae/,aus_fd816489
2026-09-15 12:16,NOUVEAU,Kaufmann fuer Buromanagement,Ausbildung Orthopädietechnik-Mechaniker/in (m/w/d)bei Storch und Beller & Co GmbH Medizin- und Orthopädietechnik76133 Karlsruhe 01.09.20261 Platz,Storch Und Beller Co Gmbh Medizin Und Orthopaedietechnik,Deutschland (Allemagne),ausbildung@storch-beller.de,Ausbildung.de,https://www.ausbildung.de/stellen/ausbildung-kaufleute-im-einzelhandel-m-w-d-bei-storch-und-beller-co-gmbh-medizin-und-orthopaedietechnik-in-karlsruhe-cc7f5abc-774a-403d-bc73-253eb1e9f62c/,aus_5fc18048
2026-09-15 12:16,NOUVEAU,Kaufmann fuer Buromanagement,Ausbildung: Kaufmann/-frau für Versicherungen und Finanzanlagen im Vertrieb Karlsruhebei BGV Versicherung AG76131 Karlsruhe 01.09.20262 Plätze Beliebter Ausbildungsbetrieb,Bgv Versicherung Ag,Deutschland (Allemagne),Non détecté (Postuler via lien),Ausbildung.de,https://www.ausbildung.de/stellen/ausbildung-kaufmann-frau-fuer-versicherungen-und-finanzanlagen-im-vertrieb-karlsruhe-bei-bgv-versicherung-ag-in-karlsruhe-df6a17d7-9283-4fd0-af03-59e18cfc6472/,aus_4b5fbb55
2026-09-15 12:16,NOUVEAU,Kaufmann fuer Buromanagement,Ausbildung zum Industriekaufmann (m/w/d)bei BENSELER Holding GmbH & Co. KG71706 Markgröningen + 2 weitere01.09.20263 Plätze,Benseler Holding Gmbh Co Kg,Deutschland (Allemagne),bewerbung@benseler.de,Ausbildung.de,https://www.ausbildung.de/stellen/ausbildung-industriekaufmann-industriekauffrau-m-w-d-bei-benseler-holding-gmbh-co-kg-in-markgroeningen-85ca913c-ab16-4921-a0b8-c7b43633e420/,aus_e6e7b598
2026-09-15 12:16,NOUVEAU,Kaufmann fuer Buromanagement,Ausbildung Elektroniker/in für Betriebstechnik (m/w/d)bei BENSELER Holding GmbH & Co. KG71706 Markgröningen + 1 weiterer01.09.20262 Plätze,Benseler Holding Gmbh Co Kg,Deutschland (Allemagne),bewerbung@benseler.de,Ausbildung.de,https://www.ausbildung.de/stellen/ausbildung-elektroniker-in-fuer-betriebstechnik-m-w-d-bei-benseler-holding-gmbh-co-kg-in-markgroeningen-15e27fb4-8fd4-44a6-9b80-7c4307a885d8/,aus_202f6c8d
2026-09-15 12:16,NOUVEAU,Kaufmann fuer Buromanagement,Ausbildung Fachkraft für Lagerlogistik (m/w/d)bei BENSELER Holding GmbH & Co. KG71706 Markgröningen + 2 weitere01.09.20263 Plätze,Benseler Holding Gmbh Co Kg,Deutschland (Allemagne),bewerbung@benseler.de,Ausbildung.de,https://www.ausbildung.de/stellen/ausbildung-fachkraft-fuer-lagerlogistik-m-w-d-bei-benseler-holding-gmbh-co-kg-in-markgroeningen-e76b4845-f1d5-49df-95df-e55108b17f6c/,aus_aa6714c7
2026-09-15 12:16,NOUVEAU,Kaufmann fuer Buromanagement,Ausbildung Fachverkäufer Bäckerei (m/w/d) - 2026bei Scheck-in Center76137 Karlsruhe + 12 weitere01.09.202624 Plätze,Edeka Verbund,Deutschland (Allemagne),ausbildung@scheck-in-center.de,Ausbildung.de,https://www.ausbildung.de/stellen/ausbildung-fachverkaeufer-baeckerei-m-w-d-2026-bei-edeka-verbund-in-karlsruhe-1814db39-71f8-46da-89e9-6198c8e03fc2/,aus_0a6a2f58
2026-09-15 12:17,NOUVEAU,Kaufmann fuer Buromanagement,Ausbildung Frischespezialist (m/w/d) - 2026bei Scheck-in Center76137 Karlsruhe + 12 weitere01.09.202626 Plätze,Edeka Verbund,Deutschland (Allemagne),ausbildung@scheck-in-center.de,Ausbildung.de,https://www.ausbildung.de/stellen/ausbildung-frischespezialist-m-w-d-2026-bei-edeka-verbund-in-karlsruhe-76b257bb-0864-4306-a0d3-bb7eff359f43/,aus_d21a67de
2026-09-15 12:17,NOUVEAU,Kaufmann fuer Buromanagement,Ausbildung Verkäufer (m/w/d) - 2026bei Scheck-in Center76137 Karlsruhe + 12 weitere01.09.202626 Plätze,Edeka Verbund,Deutschland (Allemagne),ausbildung@scheck-in-center.de,Ausbildung.de,https://www.ausbildung.de/stellen/ausbildung-verkaeufer-m-w-d-2026-bei-edeka-verbund-in-karlsruhe-6c19d2c1-171e-42af-a901-595b1aa32b3d/,aus_d70df8c8
2026-09-15 12:17,NOUVEAU,Kaufmann fuer Buromanagement,Ausbildung Elektroniker/in für Gebäude- und Infrastruktursysteme (m/w/d) - Mach was für's Klima!bei Büchele Lufttechnik GmbH & Co. KG76185 Karlsruhe 01.09.20261 Platz,Buechele Lufttechnik Gmbh Co Kg,Deutschland (Allemagne),jobs@buechele-lufttechnik.de,Ausbildung.de,https://www.ausbildung.de/stellen/ausbildung-elektroniker-in-fuer-energie-und-gebaeudetechnik-m-w-d-mach-was-fuer-s-klima-bei-buechele-lufttechnik-gmbh-co-kg-in-karlsruhe-48219ba7-723c-4692-9bed-93e9cb922c51/,aus_7f99975a
2026-09-15 12:17,NOUVEAU,Kaufmann fuer Buromanagement,Ausbildung Anlagenmechaniker/in (m/w/d) - Mach was für's Klima!bei Büchele Lufttechnik GmbH & Co. KG76185 Karlsruhe 01.09.20261 Platz,Buechele Lufttechnik Gmbh Co Kg,Deutschland (Allemagne),jobs@buechele-lufttechnik.de,Ausbildung.de,https://www.ausbildung.de/stellen/ausbildung-anlagenmechaniker-in-m-w-d-bei-buechele-lufttechnik-gmbh-co-kg-in-karlsruhe-d9b97ff1-f5a0-43a6-9e8a-018940966bb5/,aus_f56d8536
2026-09-15 12:17,NOUVEAU,Kaufmann fuer Buromanagement,Bachelor of Science (B.Sc.) - Studiengang Wirtschaftsinformatik Sales and Consultingbei BGV Versicherung AG76131 Karlsruhe 01.09.20263 Plätze Beliebter Ausbildungsbetrieb,Bgv Versicherung Ag,Deutschland (Allemagne),Non détecté (Postuler via lien),Ausbildung.de,https://www.ausbildung.de/stellen/bachelor-of-science-b-sc-studiengang-wirtschaftsinformatik-sales-and-consulting-bei-bgv-versicherung-ag-in-karlsruhe-4948a5e6-39a8-4f4b-bd26-ac1b5bb43662/,aus_34cdea96
2026-09-15 12:17,NOUVEAU,Kaufmann fuer Buromanagement,Ausbildung zum Verkäufer (m/w/d) - 2026bei Rees FrischeMärkte KG76149 Karlsruhe + 3 weitere01.09.20264 Plätze,Edeka Verbund,Deutschland (Allemagne),bewerbung@edeka-suedwest.de,Ausbildung.de,https://www.ausbildung.de/stellen/ausbildung-zum-verkaeufer-m-w-d-2026-bei-edeka-verbund-in-karlsruhe-3602b7ca-0f3a-433a-8e28-aead0f415967/,aus_3d80e0ad
2026-09-15 12:17,NOUVEAU,Kaufmann fuer Buromanagement,Dual Studierende zur/zum Bachelor of Science Wirtschaftspsychologie (m/w/d)bei Swiss Life Select Deutschland GmbH00000 Karlsruhe + 17 weiterenach Absprache18 Plätze,Swiss Life Select Deutschland Gmbh,Deutschland (Allemagne),Non détecté (Postuler via lien),Ausbildung.de,https://www.ausbildung.de/stellen/duales-studium-wirtschaftspsychologie-m-w-d-bei-swiss-life-select-deutschland-gmbh-in-karlsruhe-e03f61fb-1771-4a89-8629-e5fcd66b6f2e/,aus_9d49f815
2026-09-15 12:17,NOUVEAU,Kaufmann fuer Buromanagement,Ausbildung Pflegefachfrau/-mann (m/w/d)bei Ev. Stadtmission Karlsruhe gGmbH76185 Karlsruhe + 4 weiterenach Absprache7 Plätze,Ev Stadtmission Karlsruhe Ggmbh,Deutschland (Allemagne),ausbildung@karlsruher-stadtmission.de,Ausbildung.de,https://www.ausbildung.de/stellen/ausbildung-pflegefachfrau-mann-m-w-d-bei-ev-stadtmission-karlsruhe-ggmbh-in-karlsruhe-9a19e0cd-6e3a-4e25-bdca-a1c6a89aa287/,aus_b390ce90
2026-09-15 12:17,NOUVEAU,Kaufmann fuer Buromanagement,Duales Studium - Wirtschaftsinformatik (DHBW) in Karlsruhe Start 2027bei United Internet76135 Karlsruhe nach Absprache1 Platz,United Internet,Deutschland (Allemagne),ausbildung@united-internet.de,Ausbildung.de,https://www.ausbildung.de/stellen/duales-studium-wirtschaftsinformatik-dhbw-in-karlsruhe-start-2026-bei-united-internet-in-karlsruhe-bb9ff790-eb0a-4235-8ed4-24c7ed7ab500/,aus_9e6af671
2026-09-15 12:17,NOUVEAU,Kaufmann fuer Buromanagement,Aus- und Fortbildung zum Handelsfachwirt (m/w/d)bei KiK Textilien und Non-Food GmbH76133 Karlsruhe + 887 weiterenach Absprache890 Plätze,Kik Textilien Und Non Food Gmbh,Deutschland (Allemagne),Non détecté (Postuler via lien),Ausbildung.de,https://www.ausbildung.de/stellen/aus-und-fortbildung-zum-handelsfachwirt-m-w-d-bei-kik-textilien-und-non-food-gmbh-in-karlsruhe-b8f6a982-5ef0-4dd4-8cfa-aa2b7415b616/,aus_a2192df7
2026-09-15 12:17,NOUVEAU,Kaufmann fuer Buromanagement,Ausbildung Pflegefachmann/-frau (m/w/d)bei maxQ. im bfw – Unternehmen für Bildung. / Berufsfortbildungswerk Gemeinnützige Bildungseinrichtung des DGB GmbH (bfw)76135 Karlsruhe + 17 weiterenach Absprache18 Plätze,Maxq Im Bfw Unternehmen Fuer Bildung Berufsfortbildungswerk Gemeinnuetzige Bildungseinrichtung Des Dgb Gmbh Bfw,Deutschland (Allemagne),Non détecté (Postuler via lien),Ausbildung.de,https://www.ausbildung.de/stellen/ausbildung-pflegefachmann-frau-m-w-d-bei-maxq-im-bfw-unternehmen-fuer-bildung-berufsfortbildungswerk-gemeinnuetzige-bildungseinrichtung-des-dgb-gmbh-bfw-in-karlsruhe-9313747d-da9f-42f2-b9fc-644b1e7f6d4c/,aus_72e2afe2
2026-09-15 12:17,NOUVEAU,Kaufmann fuer Buromanagement,Ausbildung Altenpflegehelfer/in (m/w/d)bei maxQ. im bfw – Unternehmen für Bildung. / Berufsfortbildungswerk Gemeinnützige Bildungseinrichtung des DGB GmbH (bfw)76135 Karlsruhe + 3 weiterenach Absprache4 Plätze,Maxq Im Bfw Unternehmen Fuer Bildung Berufsfortbildungswerk Gemeinnuetzige Bildungseinrichtung Des Dgb Gmbh Bfw,Deutschland (Allemagne),Non détecté (Postuler via lien),Ausbildung.de,https://www.ausbildung.de/stellen/ausbildung-altenpflegehelfer-in-m-w-d-bei-maxq-im-bfw-unternehmen-fuer-bildung-berufsfortbildungswerk-gemeinnuetzige-bildungseinrichtung-des-dgb-gmbh-bfw-in-karlsruhe-e0e80ff1-4dc0-40d7-ab0e-184d40d2e775/,aus_8e76435b
2026-09-15 12:18,NOUVEAU,Kaufmann fuer Buromanagement,Duales Studium BWL mit dem Schwerpunkt Dienstleistungsmanagement (m/w/d)bei Atos Information Technology GmbH45131 Essen + 4 weitere01.09.20265 Plätze,Atos Information Technology Gmbh,Deutschland (Allemagne),Non détecté (Postuler via lien),Ausbildung.de,https://www.ausbildung.de/stellen/duales-studium-bwl-m-w-d-mit-dem-schwerpunkt-dienstleistungsmanagement-bei-atos-information-technology-gmbh-in-essen-2b39ea7c-7885-4c2c-adfd-07c23b622d97/,aus_e7085032
2026-09-15 12:19,NOUVEAU,Kaufmann fuer Buromanagement,B.Sc. Data Science & KI (w/m/d)bei Atos Information Technology GmbH45131 Essen + 8 weitere01.09.202612 Plätze,Atos Information Technology Gmbh,Deutschland (Allemagne),Non détecté (Postuler via lien),Ausbildung.de,https://www.ausbildung.de/stellen/duales-studium-informatik-m-w-d-bei-atos-information-technology-gmbh-in-essen-42ed1e8d-9857-48b3-ae43-22c23eefc5e4/,aus_5dfcb215
2026-09-15 12:19,NOUVEAU,Kaufmann fuer Buromanagement,B. Sc. Informatik mit verschiedenen Vertiefungsmöglichkeiten (m/w/d)bei Atos Information Technology GmbH45131 Essen + 8 weitere01.09.202614 Plätze,Atos Information Technology Gmbh,Deutschland (Allemagne),Non détecté (Postuler via lien),Ausbildung.de,https://www.ausbildung.de/stellen/duales-studium-informatik-m-w-d-bei-atos-information-technology-gmbh-in-essen-ef736886-5792-4c81-a735-d65df7341378/,aus_52afed53
2026-09-15 12:19,NOUVEAU,Kaufmann fuer Buromanagement,Ausbildung zum Hörakustiker (m/w/d) Essen-Kupferdrehbei GEERS (Sonova Retail Deutschland GmbH)45138 Essen + 337 weiterenach Absprache338 Plätze,Geers Sonova Retail Deutschland Gmbh,Deutschland (Allemagne),recruiting.de@sonova.com,Ausbildung.de,https://www.ausbildung.de/stellen/ausbildung-zum-hoerakustiker-m-w-d-essen-kupferdreh-bei-geers-sonova-retail-deutschland-gmbh-in-essen-fc14007b-9923-4404-9084-6fdbd5f4fff5/,aus_61760967
2026-09-15 12:19,NOUVEAU,Kaufmann fuer Buromanagement,Ausbildung Zerspanungsmechaniker/in in Frästechnik (m/w/d)bei von Schaewen GmbH45329 Essen + 1 weiterer01.09.20263 Plätze,Von Schaewen Gmbh,Deutschland (Allemagne),n.strempel@von-schaewen.de,Ausbildung.de,https://www.ausbildung.de/stellen/ausbildung-zerspanungsmechaniker-in-in-fraestechnik-m-w-d-bei-von-schaewen-gmbh-in-essen-91a7046c-4ebc-443d-8e8e-9145c0e080ca/,aus_ca173d92
2026-09-15 12:19,NOUVEAU,Kaufmann fuer Buromanagement,Duales Studium Betriebswirtschaftslehre (B.A.) - JM-Industriemontagebei JM-Industriemontage45329 Essen + 1 weiterer01.10.20262 Plätze,Iu Duales Studium,Deutschland (Allemagne),Non détecté (Postuler via lien),Ausbildung.de,https://www.ausbildung.de/stellen/duales-studium-betriebswirtschaftslehre-b-a-jm-industriemontage-bei-iu-duales-studium-in-essen-08deb006-99f4-49a1-afdf-dc5997a20af8/,aus_83efca0e
2026-09-15 12:19,NOUVEAU,Kaufmann fuer Buromanagement,Mitarbeiterin / Mitarbeiter im Krankenpflegedienst (m/w/d)bei Justizvollzug NRW45130 Essen + 29 weiterenach Absprache57 Plätze,Justiz Des Landes Nordrhein Westfalen,Deutschland (Allemagne),beratungsstelle@jvs.nrw.de,Ausbildung.de,https://www.ausbildung.de/stellen/mitarbeiterin-mitarbeiter-im-krankenpflegedienst-m-w-d-bei-justiz-des-landes-nordrhein-westfalen-in-essen-285e4b55-9ece-4715-b321-0fd9254be52e/,aus_eb3fe0df
2026-09-15 12:19,NOUVEAU,Kaufmann fuer Buromanagement,Ausbildung Pflegefachfrau/Pflegefachmann (3 Jahre)bei apm45127 Essen + 35 weitere01.11.202675 Plätze,Apm,Deutschland (Allemagne),Non détecté (Postuler via lien),Ausbildung.de,https://www.ausbildung.de/stellen/ausbildung-pflegefachfrau-pflegefachmann-3-jahre-bei-apm-in-essen-2396979d-9ec6-4656-b45d-d111ab36dd92/,aus_402d07b2
2026-09-15 12:20,NOUVEAU,Kaufmann fuer Buromanagement,"💪Klimaretter von Morgen - Ausbildung als Anlagenmechaniker/in für Sanitär-, Heizungs- und Klimatechnik (m/w/d)bei HaWe GmbH45326 Essen nach Absprache1 Platz",Hawe Gmbh,Deutschland (Allemagne),welter@hawe-gmbh.de,Ausbildung.de,https://www.ausbildung.de/stellen/ausbildung-anlagenmechaniker-in-fuer-sanitaer-heizungs-und-klimatechnik-m-w-d-bei-hawe-gmbh-in-essen-e33e3197-772f-40d7-9968-65cdaca94c2a/,aus_6fb17b3b
2026-09-15 12:20,NOUVEAU,Kaufmann fuer Buromanagement,Ausbildung Physiotherapeut/in (m/w/d)bei Vidacta Schulen GmbH45329 Essen + 3 weitere01.10.20264 Plätze,Vidacta Schulen Gmbh,Deutschland (Allemagne),info@vidacta-schulen.de,Ausbildung.de,https://www.ausbildung.de/stellen/ausbildung-physiotherapeut-in-m-w-d-bei-vidacta-schulen-gmbh-in-essen-814683bc-92bf-4a4c-a4a5-2aac168aa580/,aus_f497cf5d
2026-09-15 12:20,NOUVEAU,Kaufmann fuer Buromanagement,Ausbildung Fachkraft im Fahrbetrieb (w/m/d) Bereich Stadtbusbei üstra Hannoversche Verkehrsbetriebe AG30159 Hannover 01.09.202612 Plätze,Uestra Hannoversche Verkehrsbetriebe Ag,Deutschland (Allemagne),bewerbung@uestra.de,Ausbildung.de,https://www.ausbildung.de/stellen/ausbildung-fachkraft-im-fahrbetrieb-w-m-d-bereich-stadtbahn-bei-uestra-hannoversche-verkehrsbetriebe-ag-in-hannover-fc6056f5-e267-4313-9e7b-0ce8ba9c44d8/,aus_a8b15e8c
2026-09-15 12:20,NOUVEAU,Kaufmann fuer Buromanagement,Ausbildung Kauffrau/-mann für Büromanagement (m/w/d)bei TAIFUN Software GmbH30159 Hannover 01.09.20261 Platz,Oneqrew Gmbh,Deutschland (Allemagne),Non détecté (Postuler via lien),Ausbildung.de,https://www.ausbildung.de/stellen/ausbildung-kauffrau-mann-fuer-bueromanagement-m-w-d-bei-oneqrew-gmbh-in-hannover-25e841ad-2238-48e3-bf6d-1a002913545f/,aus_33334177
2026-09-15 12:20,NOUVEAU,Kaufmann fuer Buromanagement,Logopädie Ausbildung in Hannoverbei Ross Schule30171 Hannover 01.09.2026,Bernd Blindow Gruppe,Deutschland (Allemagne),Non détecté (Postuler via lien),Ausbildung.de,https://www.ausbildung.de/stellen/logopaedie-ausbildung-in-hannover-bei-bernd-blindow-gruppe-in-hannover-8042c295-95fb-434d-aaa1-9087c8205c01/,aus_89e987ce
2026-09-15 12:20,NOUVEAU,Kaufmann fuer Buromanagement,BTA Ausbildung in Hannoverbei Ross Schule30171 Hannover 01.09.2026,Bernd Blindow Gruppe,Deutschland (Allemagne),Non détecté (Postuler via lien),Ausbildung.de,https://www.ausbildung.de/stellen/bta-ausbildung-in-hannover-bei-bernd-blindow-gruppe-in-hannover-556d527c-524f-4416-b425-a8cdbbd9d0f7/,aus_0f6ffb3e
2026-09-15 12:20,NOUVEAU,Kaufmann fuer Buromanagement,Ausbildung Drogist (w/m/d) 2027 in 30167 Hannoverbei dm-drogerie markt GmbH + Co. KG30167 Hannover + 1786 weiterenach Absprache,Dm Drogerie Markt Gmbh Co Kg,Deutschland (Allemagne),Non détecté (Postuler via lien),Ausbildung.de,https://www.ausbildung.de/stellen/ausbildung-drogist-w-m-d-2027-in-30167-hannover-bei-dm-drogerie-markt-gmbh-co-kg-in-hannover-07b1e3f1-d663-4cdc-b593-b3c9200790b3/,aus_09e462f9
2026-09-15 12:20,NOUVEAU,Kaufmann fuer Buromanagement,Dual Studierende zur/zum Bachelor of Science Wirtschaftspsychologie (m/w/d)bei Swiss Life Select Deutschland GmbH00000 Hannover + 17 weiterenach Absprache18 Plätze,Swiss Life Select Deutschland Gmbh,Deutschland (Allemagne),Non détecté (Postuler via lien),Ausbildung.de,https://www.ausbildung.de/stellen/duales-studium-wirtschaftspsychologie-m-w-d-bei-swiss-life-select-deutschland-gmbh-in-hannover-357a1829-2be1-4008-b011-84f4cc69d384/,aus_0b5a2a8e
2026-09-15 12:20,NOUVEAU,Kaufmann fuer Buromanagement,Dual Studierende zur/zum Bachelor of Arts Business Administration (m/w/d)bei Swiss Life Select Deutschland GmbH00000 Hannover + 17 weiterenach Absprache18 Plätze,Swiss Life Select Deutschland Gmbh,Deutschland (Allemagne),Non détecté (Postuler via lien),Ausbildung.de,https://www.ausbildung.de/stellen/dual-studierende-zur-zum-bachelor-of-arts-business-administration-m-w-d-bei-swiss-life-select-deutschland-gmbh-in-hannover-a6a7e5c2-835b-4b07-9ab3-78dd0e39450b/,aus_e66e289a
2026-09-15 12:21,NOUVEAU,Kaufmann fuer Buromanagement,Aus- und Fortbildung zum Handelsfachwirt (m/w/d)bei KiK Textilien und Non-Food GmbH30657 Hannover + 887 weiterenach Absprache890 Plätze,Kik Textilien Und Non Food Gmbh,Deutschland (Allemagne),Non détecté (Postuler via lien),Ausbildung.de,https://www.ausbildung.de/stellen/aus-und-fortbildung-zum-handelsfachwirt-m-w-d-bei-kik-textilien-und-non-food-gmbh-in-hannover-ad1095a5-a56e-428b-91ec-af3660f65a39/,aus_d74a4a67
2026-09-15 12:21,NOUVEAU,Kaufmann fuer Buromanagement,Ausbildung zum Kaufmann im Einzelhandel (m/w/d)bei KiK Textilien und Non-Food GmbH30657 Hannover + 525 weiterenach Absprache527 Plätze,Kik Textilien Und Non Food Gmbh,Deutschland (Allemagne),Non détecté (Postuler via lien),Ausbildung.de,https://www.ausbildung.de/stellen/ausbildung-zum-kaufmann-im-einzelhandel-m-w-d-bei-kik-textilien-und-non-food-gmbh-in-hannover-f747b465-515f-4255-a79c-40df5c697193/,aus_99df99bc
2026-09-15 12:21,NOUVEAU,Kaufmann fuer Buromanagement,Ausbildung zum Kaufmann im Einzelhandel (m/w/d)bei Deutsche Telekom AG30519 Hannover + 111 weitere30.09.2026122 Plätze,Deutsche Telekom Ag,Deutschland (Allemagne),Non détecté (Postuler via lien),Ausbildung.de,https://www.ausbildung.de/stellen/ausbildung-zum-kaufmann-im-einzelhandel-m-w-d-bei-deutsche-telekom-ag-in-hannover-b9682636-03a2-48cc-abfd-287f76803ba9/,aus_380403f2
2026-09-15 12:21,NOUVEAU,Kaufmann fuer Buromanagement,Ausbildungsbegleitendes Fernstudium Logopädie (B.Sc.) – am Studienzentrumbei DIPLOMA Hochschule30171 Hannover + 4 weitere01.10.2026,Bernd Blindow Gruppe,Deutschland (Allemagne),meinstudium@diploma.de,Ausbildung.de,https://www.ausbildung.de/stellen/ausbildungsbegleitendes-fernstudium-logopaedie-b-sc-am-studienzentrum-bei-bernd-blindow-gruppe-in-hannover-58c23a8e-f2eb-48fd-833c-0d5fb9148511/,aus_af97b9ce
2026-09-15 12:21,NOUVEAU,Kaufmann fuer Buromanagement,Duales Studium Heilpädagogik und Inklusive Pädagogik – Bachelor of Arts (B.A.) | bundesweit mit Online-Seminarenbei DIPLOMA Hochschule30171 Hannover + 13 weitere01.10.2026,Bernd Blindow Gruppe,Deutschland (Allemagne),meinstudium@diploma.de,Ausbildung.de,https://www.ausbildung.de/stellen/duales-studium-heilpaedagogik-und-inklusive-paedagogik-bachelor-of-arts-b-a-am-studienzentrum-bei-bernd-blindow-gruppe-in-hannover-0237c42f-bd02-45bb-bba9-62bfa7958d18/,aus_7b6ec540
2026-09-15 12:21,NOUVEAU,Kaufmann fuer Buromanagement,Ausbildungsbegleitendes Fernstudium Ergotherapie (B.Sc.) – bundesweit mit Online-Seminarenbei DIPLOMA Hochschule30171 Hannover + 6 weitere01.10.2026,Bernd Blindow Gruppe,Deutschland (Allemagne),meinstudium@diploma.de,Ausbildung.de,https://www.ausbildung.de/stellen/ausbildungsbegleitendes-fernstudium-ergotherapie-b-sc-bundesweit-bei-bernd-blindow-gruppe-in-hannover-e936b79b-3ba1-4e65-acc4-70df0843f7d4/,aus_e5a9aad0
2026-09-15 12:21,NOUVEAU,Kaufmann fuer Buromanagement,"Duales Studium B.A. (m/w/d), BWL - Handelsmanagement, Großraum Hannoverbei Deichmann SE30159 Hannover + 21 weitere01.10.202622 Plätze",Deichmann Se,Deutschland (Allemagne),Non détecté (Postuler via lien),Ausbildung.de,https://www.ausbildung.de/stellen/duales-studium-b-a-m-w-d-bwl-handelsmanagement-grossraum-hannover-bei-deichmann-se-in-hannover-07a67607-d8d1-43c6-8d16-71e0d4b3bc4c/,aus_aa2a69a9
2026-09-15 12:22,NOUVEAU,Kaufmann fuer Buromanagement,Ausbildung zum Verkäufer / Kaufmann im Einzelhandel zum 01.08.2027 (m/w/d)bei ALDI Nord30161 Hannover + 666 weiterenach Absprache782 Plätze,Aldi Nord,Deutschland (Allemagne),Non détecté (Postuler via lien),Ausbildung.de,https://www.ausbildung.de/stellen/ausbildung-zum-verkaeufer-kaufmann-im-einzelhandel-zum-01-08-2027-m-w-d-bei-aldi-nord-in-hannover-4016ac3c-8061-4efd-bf60-7968bc2a531c/,aus_69e9cf69
2026-09-15 12:22,NOUVEAU,Kaufmann fuer Buromanagement,Duales Studium (B.A.) Business Administration Schwerpunkt Verkauf (DHBW Heilbronn) zum 01.08.2027bei ALDI Nord30161 Hannover nach Absprache1 Platz,Aldi Nord,Deutschland (Allemagne),Non détecté (Postuler via lien),Ausbildung.de,https://www.ausbildung.de/stellen/duales-studium-b-a-business-administration-schwerpunkt-verkauf-dhbw-heilbronn-zum-01-08-2027-bei-aldi-nord-in-hannover-d25ebeee-da55-43a1-b996-304c91c48fa8/,aus_3dfa20ab
2026-09-15 12:22,NOUVEAU,Kaufmann fuer Buromanagement,Abiturientenprogramm Handelsfachwirt zum 01.08.2027 (m/w/d)bei ALDI Nord30161 Hannover + 86 weiterenach Absprache90 Plätze,Aldi Nord,Deutschland (Allemagne),Non détecté (Postuler via lien),Ausbildung.de,https://www.ausbildung.de/stellen/abiturientenprogramm-handelsfachwirt-zum-01-08-2027-m-w-d-bei-aldi-nord-in-hannover-1ce88cd8-1650-4388-932f-7befd036be68/,aus_a8d10745
2026-09-15 12:22,NOUVEAU,Kaufmann fuer Buromanagement,Duales Studium BWL Immobilienmanagement | PECURIA GmbHbei iba Internationale Berufsakademie30159 Hannover + 236 weitere01.10.2026327 Plätze,Iba Internationale Berufsakademie,Deutschland (Allemagne),Non détecté (Postuler via lien),Ausbildung.de,https://www.ausbildung.de/stellen/duales-studium-bwl-immobilienmanagement-pecuria-gmbh-bei-iba-internationale-berufsakademie-in-hannover-d8998fef-ef12-45ce-9c29-b7b3490e851c/,aus_b42da4b9
2026-09-15 12:22,NOUVEAU,Kaufmann fuer Buromanagement,Ausbildung Sport- und Eventmangement Assistent/in (m/w/d)bei Sabine Blindow Schulen GmbH & Co.KG und Gemeinnützige Sabine Blindow-SchulGmbH30169 Hannover + 1 weiterer01.10.20262 Plätze,Sabine Blindow Schulen Gmbh Co Kg Und Gemeinnuetzige Sabine Blindow Schulgmbh,Deutschland (Allemagne),kontakt@sb-schulen.de,Ausbildung.de,https://www.ausbildung.de/stellen/ausbildung-sport-und-eventmangement-assistent-in-m-w-d-bei-sabine-blindow-schulen-gmbh-co-kg-und-gemeinnuetzige-sabine-blindow-schulgmbh-in-hannover-7dbf1ae2-ffd0-4834-b52d-08c4475528a1/,aus_03725679
2026-09-15 12:22,NOUVEAU,Kaufmann fuer Buromanagement,Bachelor of Arts (B. A.) Polizeivollzugsdienst (mit mittlerer Reife) (m/w/d)bei Polizeidirektion Hannover30169 Hannover nach Absprache16 Plätze,Land Niedersachsen,Deutschland (Allemagne),Non détecté (Postuler via lien),Ausbildung.de,https://www.ausbildung.de/stellen/bachelor-of-arts-b-a-polizeivollzugsdienst-mit-mittlerer-reife-m-w-d-bei-land-niedersachsen-in-hannover-2e70f63c-b447-4cf8-9319-9c13ce08db22/,aus_661512bd
2026-09-15 12:24,NOUVEAU,Kaufmann fuer Buromanagement,Ausbildung zum Verkäufer (m/w/d) 2026bei EDEKA Gass90408 Nürnberg 01.09.20261 Platz,Edeka Verbund,Deutschland (Allemagne),Non détecté (Postuler via lien),Ausbildung.de,https://www.ausbildung.de/stellen/ausbildung-zum-verkaeufer-m-w-d-2026-bei-edeka-verbund-in-nuernberg-e3010eb6-9d36-4f7a-9bb6-6b383c9b7483/,aus_26a78677
2026-09-15 12:24,NOUVEAU,Kaufmann fuer Buromanagement,Ausbildung Kauffrau/-mann für IT-Systemmanagement (all genders)bei Teccle Group GmbH90439 Nürnberg 01.09.20261 Platz,Teccle Group Gmbh,Deutschland (Allemagne),Non détecté (Postuler via lien),Ausbildung.de,https://www.ausbildung.de/stellen/ausbildung-kaufmann-frau-fuer-it-system-management-all-genders-bei-teccle-group-gmbh-in-nuernberg-8463fc67-faa8-40c9-8a12-5c7b53468998/,aus_30aab6c5
2026-09-15 12:24,NOUVEAU,Kaufmann fuer Buromanagement,Ausbildung zum Kaufmann im Einzelhandel (m/w/d) 2026bei Iris Fischer e. K. EDEKA90480 Nürnberg 01.09.20262 Plätze,Edeka Verbund,Deutschland (Allemagne),Non détecté (Postuler via lien),Ausbildung.de,https://www.ausbildung.de/stellen/ausbildung-zum-kaufmann-im-einzelhandel-m-w-d-2026-bei-edeka-verbund-in-nuernberg-702d8f07-95ce-48b3-abc4-bf8ab5a3f2e7/,aus_744ead7a
2026-09-15 12:24,NOUVEAU,Kaufmann fuer Buromanagement,Ausbildung Kaufmann/-frau im Einzelhandel (m/w/d)bei Norma Lebensmittelfilialbetrieb Stiftung & Co. KG90478 Nürnberg + 1346 weiterenach Absprache1347 Plätze,Norma Lebensmittelfilialbetrieb Stiftung Co Kg,Deutschland (Allemagne),personalentwicklung@norma-online.de,Ausbildung.de,https://www.ausbildung.de/stellen/ausbildung-zum-verkaeufer-in-bei-norma-lebensmittelfilialbetrieb-stiftung-co-kg-in-nuernberg-826f8d4c-ec23-4807-b6c3-52bc3716f172/,aus_7aea3ed6
2026-09-15 12:24,NOUVEAU,Kaufmann fuer Buromanagement,Ausbildung zum Kaufmann im Einzelhandel mit Zusatzqualifikation Frischespezialist (m/w/d) 2026bei E center Schätz90441 Nürnberg + 1 weiterer01.09.20266 Plätze,Edeka Verbund,Deutschland (Allemagne),Non détecté (Postuler via lien),Ausbildung.de,https://www.ausbildung.de/stellen/ausbildung-zum-kaufmann-im-einzelhandel-mit-zusatzqualifikation-frischespezialist-m-w-d-2026-bei-edeka-verbund-in-nuernberg-e70edc6e-77ac-4ab6-b3da-b9d3826052c9/,aus_5c9ccfcb
2026-09-15 12:24,NOUVEAU,Kaufmann fuer Buromanagement,Ausbildung zum Fleischer (m/w/d) 2026bei EDEKA im Luitpoldviertel90478 Nürnberg 01.09.20262 Plätze,Edeka Verbund,Deutschland (Allemagne),Non détecté (Postuler via lien),Ausbildung.de,https://www.ausbildung.de/stellen/ausbildung-zum-fleischer-m-w-d-2026-bei-edeka-verbund-in-nuernberg-d9a0ff6b-ba76-4a38-a80f-32327c0222d4/,aus_e79e835d
2026-09-15 12:24,NOUVEAU,Kaufmann fuer Buromanagement,Ausbildung zum Verkäufer (m/w/d) 2026bei EDEKA im Luitpoldviertel90478 Nürnberg 01.09.20262 Plätze,Edeka Verbund,Deutschland (Allemagne),Non détecté (Postuler via lien),Ausbildung.de,https://www.ausbildung.de/stellen/ausbildung-zum-verkaeufer-m-w-d-2026-bei-edeka-verbund-in-nuernberg-13779e40-5364-4052-922d-6fc48c1c1b6d/,aus_c21c6cb0
2026-09-15 12:24,NOUVEAU,Kaufmann fuer Buromanagement,mit Bildungsgutschein || 2026 starten: Schulische Ausbildung Masseur/in (m/w/d)bei Döpfer Schulen GmbH90489 Nürnberg + 2 weitere01.10.20267 Plätze,Doepfer Schulen Gmbh,Deutschland (Allemagne),Non détecté (Postuler via lien),Ausbildung.de,https://www.ausbildung.de/stellen/top-chance-fuer-mittelschueler-ausbildung-masseur-in-und-medizinischen-bademeister-in-m-w-d-bei-doepfer-schulen-gmbh-in-nuernberg-1f1c56a2-25a8-4de6-8c24-048d065226d8/,aus_5f7a426f
2026-09-15 12:25,NOUVEAU,Kaufmann fuer Buromanagement,Duales Studium BWL Marketing & Digitale Medien | LECTURA GMBH Verlag + Marketing-Servicebei iba Internationale Berufsakademie90459 Nürnberg + 236 weitere01.10.2026327 Plätze,Iba Internationale Berufsakademie,Deutschland (Allemagne),Non détecté (Postuler via lien),Ausbildung.de,https://www.ausbildung.de/stellen/duales-studium-bwl-marketing-digitale-medien-lectura-gmbh-verlag-marketing-service-bei-iba-internationale-berufsakademie-in-nuernberg-63274d45-05b4-44b9-8a47-27730914cb0f/,aus_41f33a15
2026-09-15 12:25,NOUVEAU,Kaufmann fuer Buromanagement,Ausbildung Fachkraft für Lagerlogistik (m/w/d)bei Ferdinand WOLFF GmbH & Co. KG90425 Nürnberg 01.09.20261 Platz,Aachener Printen Und Schokoladenfabrik Henry Lambertz Gmbh Co Kg,Deutschland (Allemagne),Non détecté (Postuler via lien),Ausbildung.de,https://www.ausbildung.de/stellen/ausbildung-fachkraft-fuer-lagerlogistik-m-w-d-bei-aachener-printen-und-schokoladenfabrik-henry-lambertz-gmbh-co-kg-in-nuernberg-f1b32843-3bed-4a69-99fc-054c6dfe53e6/,aus_3fa0977f
2026-09-15 12:27,NOUVEAU,Kaufmann fuer Buromanagement,Ausbildung Verkäufer - Fachrichtung Bäckerei (m/w/d) - 2026bei EDEKA Stuttgart Gaisburg70182 Stuttgart 01.09.20262 Plätze,Edeka Verbund,Deutschland (Allemagne),bewerbung@edeka-suedwest.de,Ausbildung.de,https://www.ausbildung.de/stellen/ausbildung-verkaeufer-fachrichtung-baeckerei-m-w-d-2026-bei-edeka-verbund-in-stuttgart-108990ed-afae-4a49-84b1-768543d17a0c/,aus_4305bbe9
2026-09-15 12:27,NOUVEAU,Kaufmann fuer Buromanagement,Ausbildung Kaufmann im Einzelhandel (m/w/d) - 2026bei EDEKA Stuttgart Gaisburg70182 Stuttgart 01.09.20261 Platz,Edeka Verbund,Deutschland (Allemagne),bewerbung@edeka-suedwest.de,Ausbildung.de,https://www.ausbildung.de/stellen/ausbildung-kaufmann-im-einzelhandel-m-w-d-2026-bei-edeka-verbund-in-stuttgart-9d6750af-2a33-4496-a483-b7c15104b265/,aus_659bbb39
2026-09-15 12:28,NOUVEAU,Kaufmann fuer Buromanagement,Ausbildung Kaufmann/-frau im Einzelhandel (m/w/d)bei Unternehmensgruppe Dr. Eckert GmbH70173 Stuttgart + 6 weitere01.09.20267 Plätze,Unternehmensgruppe Dr Eckert Gmbh,Deutschland (Allemagne),l.kalkani@ugde.com,Ausbildung.de,https://www.ausbildung.de/stellen/ausbildung-kaufmann-frau-im-einzelhandel-m-w-d-bei-unternehmensgruppe-dr-eckert-gmbh-in-stuttgart-8095dac8-446d-4742-8bb2-4c3d8056f074/,aus_6bfadd6d
2026-09-15 12:28,NOUVEAU,Kaufmann fuer Buromanagement,Ausbildung Augenoptiker/in (m/w/d)bei sichtbar Augenoptik70178 Stuttgart 01.09.20261 Platz,Sichtbar Augenoptik,Deutschland (Allemagne),office@sichtbar-stuttgart.de,Ausbildung.de,https://www.ausbildung.de/stellen/ausbildung-augenoptiker-in-m-w-d-bei-sichtbar-augenoptik-in-stuttgart-217c9179-b29c-47c2-8eea-0b87dbf82e28/,aus_ebf54317
2026-09-15 12:28,NOUVEAU,Kaufmann fuer Buromanagement,Ausbildung zum Verkäufer (m/w/d) - 2026bei EDEKA Baisch70178 Stuttgart + 5 weitere01.09.202620 Plätze,Edeka Verbund,Deutschland (Allemagne),bewerbung@edeka-suedwest.de,Ausbildung.de,https://www.ausbildung.de/stellen/ausbildung-zum-verkaeufer-m-w-d-2026-bei-edeka-verbund-in-stuttgart-dfb9df1d-2b58-4f96-b02e-b99bfb712af2/,aus_9058f741
2026-09-15 12:28,NOUVEAU,Kaufmann fuer Buromanagement,Dual Studierende zur/zum Bachelor of Arts Business Administration (m/w/d)bei Swiss Life Select Deutschland GmbH00000 Stuttgart + 17 weiterenach Absprache18 Plätze,Swiss Life Select Deutschland Gmbh,Deutschland (Allemagne),Non détecté (Postuler via lien),Ausbildung.de,https://www.ausbildung.de/stellen/dual-studierende-zur-zum-bachelor-of-arts-business-administration-m-w-d-bei-swiss-life-select-deutschland-gmbh-in-stuttgart-d086bbf4-c0c0-435b-9550-d5c2e8c403b9/,aus_3719def9
2026-09-15 12:28,NOUVEAU,Kaufmann fuer Buromanagement,Duales Studium BWL – Finanzdienstleistungen (m/w/d) ab 2026bei CreditPlus Bank AG70178 Stuttgart 01.09.20261 Platz,Creditplus Bank Ag,Deutschland (Allemagne),Non détecté (Postuler via lien),Ausbildung.de,https://www.ausbildung.de/stellen/duales-studium-bwl-finanzdienstleistungen-m-w-d-bei-creditplus-bank-ag-in-stuttgart-0866110f-d73f-4e8a-8efa-0ab38f2d0df0/,aus_f5c712fa
2026-09-15 12:28,NOUVEAU,Kaufmann fuer Buromanagement,Duales Studium Wirtschaftsinformatik (m/w/d) Application Management ab 2026bei CreditPlus Bank AG70178 Stuttgart 01.09.20261 Platz,Creditplus Bank Ag,Deutschland (Allemagne),Non détecté (Postuler via lien),Ausbildung.de,https://www.ausbildung.de/stellen/duales-studium-wirtschaftsinformatik-m-w-d-application-management-ab-2025-bei-creditplus-bank-ag-in-stuttgart-723aff9f-0e1b-4d7c-abd9-0642b3826e6e/,aus_f5e8085b
2026-09-15 12:28,NOUVEAU,Kaufmann fuer Buromanagement,Duales Studium Elektrotechnik (m/w/d)bei TransnetBW GmbH70173 Stuttgart 01.09.20262 Plätze,Transnetbw Gmbh,Deutschland (Allemagne),Non détecté (Postuler via lien),Ausbildung.de,https://www.ausbildung.de/stellen/duales-studium-elektrotechnik-m-w-d-bei-transnetbw-gmbh-in-stuttgart-7004ac1c-c3ee-4757-b8f4-d896ba29ee9e/,aus_8e8687f1
2026-09-15 12:28,NOUVEAU,Kaufmann fuer Buromanagement,Duales Studium Elektro- und Informationstechnik (m/w/d)bei TransnetBW GmbH70173 Stuttgart + 2 weitere01.09.20266 Plätze,Transnetbw Gmbh,Deutschland (Allemagne),Non détecté (Postuler via lien),Ausbildung.de,https://www.ausbildung.de/stellen/duales-studium-elektro-und-informationstechnik-m-w-d-bei-transnetbw-gmbh-in-stuttgart-9958cb23-9613-4074-98e3-19b307f44e74/,aus_643e4c9f
2026-09-15 12:29,NOUVEAU,Kaufmann fuer Buromanagement,Training & Coaching im Fußball (B.A.) | Duales Studiumbei DHGS - Deutsche Hochschule für Gesundheit und Sport GmbH70173 Stuttgart + 2 weitere15.09.20263 Plätze,Dhgs Deutsche Hochschule Fuer Gesundheit Und Sport Gmbh,Deutschland (Allemagne),info-center@dhgs-hochschule.de,Ausbildung.de,https://www.ausbildung.de/stellen/training-coaching-im-fussball-b-a-duales-studium-bei-dhgs-deutsche-hochschule-fuer-gesundheit-und-sport-gmbh-in-stuttgart-3583ed34-9342-4d0c-8518-8c133383cff0/,aus_2e4ad559
2026-09-15 12:29,NOUVEAU,Kaufmann fuer Buromanagement,Ausbildung Maler/in und Lackierer/in (m/w/d)bei Hermann & Rudolf Hürttle  Malerbetrieb GmbH70193 Stuttgart 01.09.20261 Platz,Hpm Die Handwerksgruppe,Deutschland (Allemagne),jobs@huerttle.de,Ausbildung.de,https://www.ausbildung.de/stellen/ausbildung-maler-in-und-lackierer-in-m-w-d-bei-hpm-die-handwerksgruppe-in-stuttgart-98a56ec6-48fd-4615-b2b9-29775d4e8c07/,aus_ab5edf0e
2026-09-15 12:29,NOUVEAU,Kaufmann fuer Buromanagement,Fußballmanagement (B.A.) | Duales Studiumbei Hochschule für angewandtes Management GmbH70173 Stuttgart + 1 weiterer15.09.20262 Plätze,Hochschule Fuer Angewandtes Management Gmbh,Deutschland (Allemagne),info@fham.de,Ausbildung.de,https://www.ausbildung.de/stellen/fussballmanagement-bachelor-b-a-duales-studium-bei-hochschule-fuer-angewandtes-management-gmbh-in-stuttgart-81e50ac4-1668-48af-b06b-9fec191af932/,aus_7496a622
2026-09-15 12:29,NOUVEAU,Kaufmann fuer Buromanagement,Ausbildung zum Verkäufer (m/w/d) - 2026bei EDEKA Bauer70619 Stuttgart + 3 weitere01.09.202610 Plätze,Edeka Verbund,Deutschland (Allemagne),bewerbung@edeka-suedwest.de,Ausbildung.de,https://www.ausbildung.de/stellen/ausbildung-zum-verkaeufer-m-w-d-2026-bei-edeka-verbund-in-stuttgart-f236d40d-f492-4af2-bc93-ebcdb676e7f2/,aus_719778f9
2026-09-15 12:29,NOUVEAU,Kaufmann fuer Buromanagement,Duales Studium BWL - Food Managementbei McDonald's Deutschland LLC70173 Stuttgart + 15 weitere01.10.202616 Plätze,Mcdonald S Deutschland Llc,Deutschland (Allemagne),Non détecté (Postuler via lien),Ausbildung.de,https://www.ausbildung.de/stellen/duales-studium-bwl-food-management-bei-mcdonald-s-deutschland-llc-in-stuttgart-ce20da51-3f06-40f8-8733-fd34dfdaa3f2/,aus_4cf32b8b
2026-09-15 12:29,NOUVEAU,Kaufmann fuer Buromanagement,Duales Studium BWL - Handelbei McDonald's Deutschland LLC70173 Stuttgart + 22 weitere01.10.202623 Plätze,Mcdonald S Deutschland Llc,Deutschland (Allemagne),Non détecté (Postuler via lien),Ausbildung.de,https://www.ausbildung.de/stellen/duales-studium-bwl-handel-bei-mcdonald-s-deutschland-llc-in-stuttgart-596c348c-1e38-41be-b050-476c40fb7126/,aus_768cd0c1
2026-09-15 12:29,NOUVEAU,Kaufmann fuer Buromanagement,IHK Auszubildende zur/zum Kauffrau/-mann für Versicherungen und Finanzanlagen (m/w/d)bei Swiss Life Select Deutschland GmbH00000 Stuttgart + 59 weiterenach Absprache60 Plätze,Swiss Life Select Deutschland Gmbh,Deutschland (Allemagne),Non détecté (Postuler via lien),Ausbildung.de,https://www.ausbildung.de/stellen/ihk-auszubildende-zur-zum-kauffrau-mann-fuer-versicherungen-und-finanzanlagen-m-w-d-bei-swiss-life-select-deutschland-gmbh-in-stuttgart-d5702c71-14b4-46ed-a9c9-ed06f542f755/,aus_bfdc97fa
2026-09-15 12:29,NOUVEAU,Kaufmann fuer Buromanagement,Dual Studierende zur/zum Bachelor of Science Wirtschaftspsychologie (m/w/d)bei Swiss Life Select Deutschland GmbH00000 Stuttgart + 17 weiterenach Absprache18 Plätze,Swiss Life Select Deutschland Gmbh,Deutschland (Allemagne),Non détecté (Postuler via lien),Ausbildung.de,https://www.ausbildung.de/stellen/duales-studium-wirtschaftspsychologie-m-w-d-bei-swiss-life-select-deutschland-gmbh-in-stuttgart-9851f27c-88ce-45d6-a282-2843930aead8/,aus_af36c500
2026-09-15 12:29,NOUVEAU,Kaufmann fuer Buromanagement,Ausbildung Kaufmann/-frau für Dialogmarketing (m/w/d) (2026)bei TAKKT Industrial & Packaging GmbH70191 Stuttgart 01.09.20261 Platz,Kaiser Kraft Europa Gmbh,Deutschland (Allemagne),ausbildung@takkt.com,Ausbildung.de,https://www.ausbildung.de/stellen/ausbildung-kaufmann-frau-fuer-dialogmarketing-m-w-d-bei-kaiser-kraft-europa-gmbh-in-stuttgart-cad492d6-4e22-46c9-9f00-eb53fc494c54/,aus_d0470381
2026-09-15 12:29,NOUVEAU,Kaufmann fuer Buromanagement,Duales Studium für den gehobenen Auswärtigen Dienst (m/w/d)bei Auswärtiges Amt70173 Stuttgart + 34 weiterenach Absprache35 Plätze,Auswaertiges Amt,Deutschland (Allemagne),Non détecté (Postuler via lien),Ausbildung.de,https://www.ausbildung.de/stellen/duales-studium-verwaltung-m-w-d-bei-auswaertiges-amt-in-stuttgart-a9274df5-036e-4bca-93e9-39a1ad898ea6/,aus_aa11e4b5
2026-09-15 12:32,NOUVEAU,Kaufmann fuer Buromanagement,Ausbildung Süßwarentechnologe/-technologin (m/w/d)bei Ferdinand WOLFF GmbH & Co. KG90425 Nürnberg 01.09.20261 Platz,Aachener Printen Und Schokoladenfabrik Henry Lambertz Gmbh Co Kg,Deutschland (Allemagne),Non détecté (Postuler via lien),Ausbildung.de,https://www.ausbildung.de/stellen/ausbildung-suesswarentechnologe-technologin-m-w-d-bei-aachener-printen-und-schokoladenfabrik-henry-lambertz-gmbh-co-kg-in-nuernberg-b9810a53-0671-4db5-a9d0-4032900b099b/,aus_79097e1c
2026-09-15 12:33,NOUVEAU,Kaufmann im E-Commerce,Ausbildung zum Verfahrenstechnologe:in Stahlumformung (m/w/d) 2027 - Standort Duisburgbei thyssenkrupp Steel Europe AG47166 Duisburg + 4 weiterenach Absprache6 Plätze,Thyssenkrupp,Deutschland (Allemagne),se-azubi-recruiting@thyssenkrupp-steel.com,Ausbildung.de,https://www.ausbildung.de/stellen/ausbildung-zum-verfahrenstechnologe-in-stahlumformung-m-w-d-2027-standort-duisburg-bei-thyssenkrupp-in-duisburg-28a7ccaf-f32c-47af-adfe-74265ceea3fa/,aus_eb0397c2
2026-09-15 12:33,NOUVEAU,Kaufmann im E-Commerce,Duales Studium BWL - Spezialisierung Handelsmanagement (B.A.) am Campus oder virtuellbei IU Duales Studium47051 Duisburg + 23 weitere01.10.2026528 Plätze,Iu Duales Studium,Deutschland (Allemagne),Non détecté (Postuler via lien),Ausbildung.de,https://www.ausbildung.de/stellen/duales-studium-bwl-spezialisierung-handelsmanagement-b-a-am-campus-oder-virtuell-bei-iu-duales-studium-in-duisburg-c5285bb9-9db2-4d6f-9718-24d413d9c01f/,aus_b9d57516
2026-09-15 12:33,NOUVEAU,Kaufmann im E-Commerce,Ausbildung Binnenschiffer und Binnenschifffahrtskapitän (m/w/d)bei HGK Shipping47119 Duisburg nach Absprache1 Platz,Haefen Und Gueterverkehr Koeln Ag,Deutschland (Allemagne),sarah.mantler@hgkgroup.de,Ausbildung.de,https://www.ausbildung.de/stellen/ausbildung-binnenschiffer-und-binnenschifffahrtskapitaen-m-w-d-bei-haefen-und-gueterverkehr-koeln-ag-in-duisburg-b5b41170-9457-44c7-93c8-a66952a8d8df/,aus_b7975677
2026-09-15 12:33,NOUVEAU,Kaufmann im E-Commerce,Ausbildung zum Konstruktionsmechaniker:in (m/w/d) 2027 - Standort Duisburgbei thyssenkrupp Steel Europe AG47166 Duisburg + 1 weiterernach Absprache2 Plätze,Thyssenkrupp,Deutschland (Allemagne),se-azubi-recruiting@thyssenkrupp-steel.com,Ausbildung.de,https://www.ausbildung.de/stellen/ausbildung-zum-konstruktionsmechaniker-in-m-w-d-2027-standort-duisburg-bei-thyssenkrupp-in-duisburg-eff2a299-9a68-48f6-a5ca-c78f237648b8/,aus_7f075604
2026-09-15 12:33,NOUVEAU,Kaufmann im E-Commerce,Duales Studium BWL - Spezialisierung Sozialmanagement (B.A.) am Campus oder virtuellbei IU Duales Studium47051 Duisburg + 23 weitere01.10.2026528 Plätze,Iu Duales Studium,Deutschland (Allemagne),Non détecté (Postuler via lien),Ausbildung.de,https://www.ausbildung.de/stellen/duales-studium-bwl-spezialisierung-sozialmanagement-b-a-am-campus-oder-virtuell-bei-iu-duales-studium-in-duisburg-10fee80d-2941-4fa4-92c2-bab63016fad7/,aus_2358fa09
2026-09-15 12:34,NOUVEAU,Kaufmann im E-Commerce,Duales Studium BWL - Spezialisierung International Management (B.A.) am Campus oder virtuellbei IU Duales Studium47051 Duisburg + 24 weitere01.10.2026500 Plätze,Iu Duales Studium,Deutschland (Allemagne),Non détecté (Postuler via lien),Ausbildung.de,https://www.ausbildung.de/stellen/duales-studium-bwl-spezialisierung-international-management-b-a-am-campus-oder-virtuell-bei-iu-duales-studium-in-duisburg-e852bc75-9005-47e5-9dcb-432cc90ab2d7/,aus_24869493
2026-09-15 12:34,NOUVEAU,Kaufmann im E-Commerce,Ausbildung zum Buchhändler (m/w/d)bei Thalia Bücher GmbH47051 Duisburg + 18 weitere01.10.202620 Plätze,Thalia Buecher Gmbh,Deutschland (Allemagne),Non détecté (Postuler via lien),Ausbildung.de,https://www.ausbildung.de/stellen/ausbildung-zum-buchhaendler-m-w-d-bei-thalia-buecher-gmbh-in-duisburg-9d1de10c-3063-443e-a9e8-63e25460878a/,aus_69c6002b
2026-09-15 12:34,NOUVEAU,Kaufmann im E-Commerce,Duales Studium BWL - Spezialisierung Logistikmanagement (B.A.) am Campus oder virtuellbei IU Duales Studium47051 Duisburg + 23 weitere01.10.2026528 Plätze,Iu Duales Studium,Deutschland (Allemagne),Non détecté (Postuler via lien),Ausbildung.de,https://www.ausbildung.de/stellen/duales-studium-bwl-spezialisierung-logistikmanagement-b-a-am-campus-oder-virtuell-bei-iu-duales-studium-in-duisburg-f9a87def-cb54-4a21-aa42-f95c023708dd/,aus_8271a5f1
2026-09-15 12:34,NOUVEAU,Kaufmann im E-Commerce,Duales Studium BWL - Spezialisierung Accounting & Controlling (B.A.) am Campus oder virtuellbei IU Duales Studium47051 Duisburg + 23 weitere01.10.2026528 Plätze,Iu Duales Studium,Deutschland (Allemagne),Non détecté (Postuler via lien),Ausbildung.de,https://www.ausbildung.de/stellen/duales-studium-bwl-spezialisierung-accounting-controlling-b-a-am-campus-oder-virtuell-bei-iu-duales-studium-in-duisburg-0e8b7356-b0db-4df8-a30e-bd4ccf0d8bf8/,aus_2924c8e6
2026-09-15 12:34,NOUVEAU,Kaufmann im E-Commerce,KompetenzCentrum Pflege (1 Jahr)bei apm47058 Duisburg + 28 weitere01.11.202668 Plätze,Apm,Deutschland (Allemagne),Non détecté (Postuler via lien),Ausbildung.de,https://www.ausbildung.de/stellen/kompetenzcentrum-pflege-1-jahr-bei-apm-in-duisburg-9fbd66ec-9cfa-4576-b6ac-bc06195f8544/,aus_32b35f4e
2026-09-15 12:35,NOUVEAU,Kaufmann im E-Commerce,Ausbildung Kaufmann Einzelhandel (m/w/d) - 2026bei Scheck-in Center76137 Karlsruhe + 12 weitere01.09.202626 Plätze,Edeka Verbund,Deutschland (Allemagne),ausbildung@scheck-in-center.de,Ausbildung.de,https://www.ausbildung.de/stellen/ausbildung-kaufmann-einzelhandel-m-w-d-2026-bei-edeka-verbund-in-karlsruhe-b5d09ce7-f2e8-4138-be48-71325f69f6cb/,aus_0ba65085
2026-09-15 12:35,NOUVEAU,Kaufmann im E-Commerce,Ausbildung Fleischer Fachrichtung Verkauf (m/w/d) - 2026bei Scheck-in Center76137 Karlsruhe + 12 weitere01.09.202626 Plätze,Edeka Verbund,Deutschland (Allemagne),ausbildung@scheck-in-center.de,Ausbildung.de,https://www.ausbildung.de/stellen/ausbildung-fleischer-fachrichtung-verkauf-m-w-d-2026-bei-edeka-verbund-in-karlsruhe-b353183e-cd09-4722-a8c4-1284dd2a3cad/,aus_1571e761
2026-09-15 12:36,NOUVEAU,Kaufmann im E-Commerce,Ausbildung Automatenfachmann/-frau (m/w/d) 2026 in Dortmundbei LÖWEN ENTERTAINMENT GmbH59439 Dortmund + 4 weitere01.09.20268 Plätze,Loewen Entertainment Gmbh,Deutschland (Allemagne),Non détecté (Postuler via lien),Ausbildung.de,https://www.ausbildung.de/stellen/ausbildung-automatenfachmann-frau-m-w-d-2026-in-dortmund-bei-loewen-entertainment-gmbh-in-dortmund-7aa147ba-d4ad-4e6c-b1d4-fdc6bad9a2cb/,aus_3d7306af
2026-09-15 12:36,NOUVEAU,Kaufmann im E-Commerce,Ausbildung Logopäd:in (m/w/d)bei maxQ. im bfw – Unternehmen für Bildung. / Berufsfortbildungswerk Gemeinnützige Bildungseinrichtung des DGB GmbH (bfw)44147 Dortmund 01.09.20261 Platz,Maxq Im Bfw Unternehmen Fuer Bildung Berufsfortbildungswerk Gemeinnuetzige Bildungseinrichtung Des Dgb Gmbh Bfw,Deutschland (Allemagne),logopaedie.dortmund@maxq.net,Ausbildung.de,https://www.ausbildung.de/stellen/ausbildung-logopaede-logopaedin-m-w-d-bei-maxq-im-bfw-unternehmen-fuer-bildung-berufsfortbildungswerk-gemeinnuetzige-bildungseinrichtung-des-dgb-gmbh-bfw-in-dortmund-d572ea57-f805-423e-ab57-d6a2803085f7/,aus_6c1b0345
2026-09-15 12:36,NOUVEAU,Kaufmann im E-Commerce,Ausbildung Drogist (w/m/d) 2026 in 44135 Dortmundbei dm-drogerie markt GmbH + Co. KG44135 Dortmund + 1786 weiterenach Absprache,Dm Drogerie Markt Gmbh Co Kg,Deutschland (Allemagne),Non détecté (Postuler via lien),Ausbildung.de,https://www.ausbildung.de/stellen/ausbildung-drogist-w-m-d-2026-in-44135-dortmund-bei-dm-drogerie-markt-gmbh-co-kg-in-dortmund-d180f927-30f5-42f2-886e-f6fbc4685dcb/,aus_274babab
2026-09-15 12:36,NOUVEAU,Kaufmann im E-Commerce,IHK Auszubildende zur/zum Kauffrau/-mann für Versicherungen und Finanzanlagen (m/w/d)bei Swiss Life Select Deutschland GmbH00000 Dortmund + 59 weiterenach Absprache60 Plätze,Swiss Life Select Deutschland Gmbh,Deutschland (Allemagne),Non détecté (Postuler via lien),Ausbildung.de,https://www.ausbildung.de/stellen/ihk-auszubildende-zur-zum-kauffrau-mann-fuer-versicherungen-und-finanzanlagen-m-w-d-bei-swiss-life-select-deutschland-gmbh-in-dortmund-54dfc1e9-4e46-4132-a0d7-4a94120dc1ec/,aus_ade04dbd
2026-09-15 12:36,NOUVEAU,Kaufmann im E-Commerce,Dual Studierende zur/zum Bachelor of Science Wirtschaftspsychologie (m/w/d)bei Swiss Life Select Deutschland GmbH00000 Dortmund + 17 weiterenach Absprache18 Plätze,Swiss Life Select Deutschland Gmbh,Deutschland (Allemagne),Non détecté (Postuler via lien),Ausbildung.de,https://www.ausbildung.de/stellen/duales-studium-wirtschaftspsychologie-m-w-d-bei-swiss-life-select-deutschland-gmbh-in-dortmund-39f26cb7-1b9f-4ad9-b65b-5441518d2f37/,aus_d78f11fe
2026-09-15 12:36,NOUVEAU,Kaufmann im E-Commerce,Dual Studierende zur/zum Bachelor of Arts Business Administration (m/w/d)bei Swiss Life Select Deutschland GmbH00000 Dortmund + 17 weiterenach Absprache18 Plätze,Swiss Life Select Deutschland Gmbh,Deutschland (Allemagne),Non détecté (Postuler via lien),Ausbildung.de,https://www.ausbildung.de/stellen/dual-studierende-zur-zum-bachelor-of-arts-business-administration-m-w-d-bei-swiss-life-select-deutschland-gmbh-in-dortmund-c7996e3b-d617-4fa2-86c9-daeac0668c7f/,aus_88875538
2026-09-15 12:36,NOUVEAU,Kaufmann im E-Commerce,Ausbildung für den mittleren Auswärtigen Dienst (m/w/d)bei Auswärtiges Amt44135 Dortmund + 34 weiterenach Absprache35 Plätze,Auswaertiges Amt,Deutschland (Allemagne),Non détecté (Postuler via lien),Ausbildung.de,https://www.ausbildung.de/stellen/ausbildung-verwaltungswirt-in-mittlerer-dienst-m-w-d-bei-auswaertiges-amt-in-dortmund-28d23389-3be6-48b4-9ada-b75b2d91ff7f/,aus_9713fbf5
2026-09-15 12:37,NOUVEAU,Kaufmann im E-Commerce,Duales Studium für den gehobenen Auswärtigen Dienst (m/w/d)bei Auswärtiges Amt44135 Dortmund + 34 weiterenach Absprache35 Plätze,Auswaertiges Amt,Deutschland (Allemagne),Non détecté (Postuler via lien),Ausbildung.de,https://www.ausbildung.de/stellen/duales-studium-verwaltung-m-w-d-bei-auswaertiges-amt-in-dortmund-78153ee4-e4d5-4f19-a9a2-16560510d403/,aus_713656f2
2026-09-15 12:37,NOUVEAU,Kaufmann im E-Commerce,"Duales Studium BWL (B.A.) Schwerpunkt Handelsmanagement - Studierende (m/w/d), Großraum Dortmundbei Deichmann SE44137 Dortmund + 21 weitere01.10.202622 Plätze",Deichmann Se,Deutschland (Allemagne),Non détecté (Postuler via lien),Ausbildung.de,https://www.ausbildung.de/stellen/duales-studium-bwl-b-a-schwerpunkt-handelsmanagement-studierende-m-w-d-grossraum-dortmund-bei-deichmann-se-in-dortmund-55c3e317-d360-45d2-a6a7-af15d9bbfae6/,aus_ddd3e9cc
2026-09-15 12:37,NOUVEAU,Kaufmann im E-Commerce,Ausbildung zum Einzelhandelskaufmann (m/w/d)bei BabyOne Franchise- und Systemzentrale GmbH44141 Dortmund + 6 weitere01.09.20267 Plätze,Babyone Franchise Und Systemzentrale Gmbh,Deutschland (Allemagne),jobs@babyone.de,Ausbildung.de,https://www.ausbildung.de/stellen/ausbildung-zum-einzelhandelskaufmann-m-w-d-bei-babyone-franchise-und-systemzentrale-gmbh-in-dortmund-615ecb22-a782-4fa8-a1c2-a3e36ec9cfa7/,aus_272b9686
2026-09-15 12:37,NOUVEAU,Kaufmann im E-Commerce,Aus- und Fortbildung zum Handelsfachwirt (m/w/d)bei KiK Textilien und Non-Food GmbH44145 Dortmund + 887 weiterenach Absprache890 Plätze,Kik Textilien Und Non Food Gmbh,Deutschland (Allemagne),Non détecté (Postuler via lien),Ausbildung.de,https://www.ausbildung.de/stellen/aus-und-fortbildung-zum-handelsfachwirt-m-w-d-bei-kik-textilien-und-non-food-gmbh-in-dortmund-28703791-502e-42ca-84c2-f73dfa4ac370/,aus_9b68b937
2026-09-15 12:37,NOUVEAU,Kaufmann im E-Commerce,Ausbildung Pflegefachassistent/in (m/w/d)bei maxQ. im bfw – Unternehmen für Bildung. / Berufsfortbildungswerk Gemeinnützige Bildungseinrichtung des DGB GmbH (bfw)44147 Dortmund + 9 weiterenach Absprache10 Plätze,Maxq Im Bfw Unternehmen Fuer Bildung Berufsfortbildungswerk Gemeinnuetzige Bildungseinrichtung Des Dgb Gmbh Bfw,Deutschland (Allemagne),Non détecté (Postuler via lien),Ausbildung.de,https://www.ausbildung.de/stellen/ausbildung-pflegefachassistent-in-m-w-d-bei-maxq-im-bfw-unternehmen-fuer-bildung-berufsfortbildungswerk-gemeinnuetzige-bildungseinrichtung-des-dgb-gmbh-bfw-in-dortmund-8f016ba3-3555-4874-a27e-05baa9855cac/,aus_1f807cde
2026-09-15 12:37,NOUVEAU,Kaufmann im E-Commerce,Ausbildung Pflegefachmann/-frau (m/w/d)bei maxQ. im bfw – Unternehmen für Bildung. / Berufsfortbildungswerk Gemeinnützige Bildungseinrichtung des DGB GmbH (bfw)44147 Dortmund + 17 weiterenach Absprache18 Plätze,Maxq Im Bfw Unternehmen Fuer Bildung Berufsfortbildungswerk Gemeinnuetzige Bildungseinrichtung Des Dgb Gmbh Bfw,Deutschland (Allemagne),Non détecté (Postuler via lien),Ausbildung.de,https://www.ausbildung.de/stellen/ausbildung-pflegefachmann-frau-m-w-d-bei-maxq-im-bfw-unternehmen-fuer-bildung-berufsfortbildungswerk-gemeinnuetzige-bildungseinrichtung-des-dgb-gmbh-bfw-in-dortmund-d7da1fc1-d8a7-46ee-912a-487dab013756/,aus_812ddf3f
2026-09-15 12:37,NOUVEAU,Kaufmann im E-Commerce,Ausbildung Physiotherapeut:in (m/w/d)bei maxQ. im bfw – Unternehmen für Bildung. / Berufsfortbildungswerk Gemeinnützige Bildungseinrichtung des DGB GmbH (bfw)44147 Dortmund + 4 weiterenach Absprache5 Plätze,Maxq Im Bfw Unternehmen Fuer Bildung Berufsfortbildungswerk Gemeinnuetzige Bildungseinrichtung Des Dgb Gmbh Bfw,Deutschland (Allemagne),Non détecté (Postuler via lien),Ausbildung.de,https://www.ausbildung.de/stellen/ausbildung-physiotherapeut-in-m-w-d-bei-maxq-im-bfw-unternehmen-fuer-bildung-berufsfortbildungswerk-gemeinnuetzige-bildungseinrichtung-des-dgb-gmbh-bfw-in-dortmund-22a2412c-073d-4325-8d7c-fa5f2bc7f8a1/,aus_6f9832cd
2026-09-15 12:37,NOUVEAU,Kaufmann im E-Commerce,Ausbildung Pflegefachfrau/Pflegefachmann (3 Jahre)bei apm44143 Dortmund + 35 weitere01.09.202675 Plätze,Apm,Deutschland (Allemagne),Non détecté (Postuler via lien),Ausbildung.de,https://www.ausbildung.de/stellen/ausbildung-pflegefachfrau-pflegefachmann-3-jahre-bei-apm-in-dortmund-cef4bde7-e5e8-49f9-b27a-5602cd252ce7/,aus_76758059
2026-09-15 12:38,NOUVEAU,Kaufmann im E-Commerce,Ausbildung Ergotherapeut:in (m/w/d)bei maxQ. im bfw – Unternehmen für Bildung. / Berufsfortbildungswerk Gemeinnützige Bildungseinrichtung des DGB GmbH (bfw)44147 Dortmund + 2 weitere01.10.20263 Plätze,Maxq Im Bfw Unternehmen Fuer Bildung Berufsfortbildungswerk Gemeinnuetzige Bildungseinrichtung Des Dgb Gmbh Bfw,Deutschland (Allemagne),Non détecté (Postuler via lien),Ausbildung.de,https://www.ausbildung.de/stellen/ausbildung-ergotherapeut-in-m-w-d-bei-maxq-im-bfw-unternehmen-fuer-bildung-berufsfortbildungswerk-gemeinnuetzige-bildungseinrichtung-des-dgb-gmbh-bfw-in-dortmund-4cba15b3-38bb-4e73-a4fe-4683fa95df26/,aus_f66bd9c3
2026-09-15 12:38,NOUVEAU,Kaufmann im E-Commerce,Beamtin / Beamter im Allgemeinen Vollzugsdienst (m/w/d)bei Justizvollzug NRW44135 Dortmund + 29 weiterenach Absprache57 Plätze,Justiz Des Landes Nordrhein Westfalen,Deutschland (Allemagne),beratungsstelle@jvs.nrw.de,Ausbildung.de,https://www.ausbildung.de/stellen/beamtin-beamter-im-allgemeinen-vollzugsdienst-m-w-d-bei-justiz-des-landes-nordrhein-westfalen-in-dortmund-0b12d352-e56d-46c6-81ef-b651743f7c94/,aus_95c41d8c
2026-09-15 12:38,NOUVEAU,Kaufmann im E-Commerce,Ausbildung: Rettungssanitäter/inbei Ludwig Fresenius Schulen44139 Dortmund + 3 weitere21.09.2026122 Plätze,Ludwig Fresenius Schulen,Deutschland (Allemagne),Non détecté (Postuler via lien),Ausbildung.de,https://www.ausbildung.de/stellen/ausbildung-rettungssanitaeter-in-bei-ludwig-fresenius-schulen-in-dortmund-b6cbe49f-7e1e-48d5-9dde-614205885b92/,aus_d2278f31
2026-09-15 12:38,NOUVEAU,Kaufmann im E-Commerce,Ausbildung zum Kaufmann im Einzelhandel (m/w/d)bei KiK Textilien und Non-Food GmbH44145 Dortmund + 525 weiterenach Absprache527 Plätze,Kik Textilien Und Non Food Gmbh,Deutschland (Allemagne),Non détecté (Postuler via lien),Ausbildung.de,https://www.ausbildung.de/stellen/ausbildung-zum-kaufmann-im-einzelhandel-m-w-d-bei-kik-textilien-und-non-food-gmbh-in-dortmund-179b9cdf-e81f-4b9f-93d4-41858bcb7fab/,aus_e08c3a17
2026-09-15 12:38,NOUVEAU,Kaufmann im E-Commerce,Ausbildung zum Verkäufer (m/w/d)bei KiK Textilien und Non-Food GmbH44145 Dortmund + 683 weiterenach Absprache686 Plätze,Kik Textilien Und Non Food Gmbh,Deutschland (Allemagne),Non détecté (Postuler via lien),Ausbildung.de,https://www.ausbildung.de/stellen/ausbildung-zum-verkaeufer-m-w-d-bei-kik-textilien-und-non-food-gmbh-in-dortmund-f5ec3ab5-80b8-4b68-a86b-52178e8bfa78/,aus_05eed9b5
2026-09-15 12:47,NOUVEAU,Kaufmann im E-Commerce,Dual Studierende zur/zum Bachelor of Science Wirtschaftspsychologie (m/w/d)bei Swiss Life Select Deutschland GmbH00000 Bremen + 17 weiterenach Absprache18 Plätze,Swiss Life Select Deutschland Gmbh,Deutschland (Allemagne),Non détecté (Postuler via lien),Ausbildung.de,https://www.ausbildung.de/stellen/duales-studium-wirtschaftspsychologie-m-w-d-bei-swiss-life-select-deutschland-gmbh-in-bremen-cffb9af5-5bc2-40c4-9e65-d0d3fb045da1/,aus_ccf13e78
2026-09-15 12:47,NOUVEAU,Kaufmann im E-Commerce,Dual Studierende zur/zum Bachelor of Arts Business Administration (m/w/d)bei Swiss Life Select Deutschland GmbH00000 Bremen + 17 weiterenach Absprache18 Plätze,Swiss Life Select Deutschland Gmbh,Deutschland (Allemagne),Non détecté (Postuler via lien),Ausbildung.de,https://www.ausbildung.de/stellen/dual-studierende-zur-zum-bachelor-of-arts-business-administration-m-w-d-bei-swiss-life-select-deutschland-gmbh-in-bremen-238221d2-05d9-4c4f-8b5f-55c6f7823073/,aus_0619cf42
2026-09-15 12:47,NOUVEAU,Kaufmann im E-Commerce,Ausbildung Elektroniker/in für Betriebstechnik (m/w/d) zum 01.08.2027bei Coffein Compagnie GmbH & Co.KG28309 Bremen nach Absprache1 Platz,Coffein Compagnie Gmbh Co Kg,Deutschland (Allemagne),b.suennemann@coffein-compagnie.de,Ausbildung.de,https://www.ausbildung.de/stellen/ausbildung-elektroniker-in-fuer-betriebstechnik-m-w-d-bei-coffein-compagnie-gmbh-co-kg-in-bremen-be327e31-f1a3-4e0a-b2a1-ac1f086b12c4/,aus_b798341b
2026-09-15 12:47,NOUVEAU,Kaufmann im E-Commerce,Ausbildung Kaufmann/-frau für Groß- und Außenhandelsmanagement (m/w/d) zum 01.08.2027bei Coffein Compagnie GmbH & Co.KG28309 Bremen nach Absprache1 Platz,Coffein Compagnie Gmbh Co Kg,Deutschland (Allemagne),b.suennemann@coffein-compagnie.de,Ausbildung.de,https://www.ausbildung.de/stellen/ausbildung-kaufmann-frau-fuer-gross-und-aussenhandelsmanagement-m-w-d-bei-coffein-compagnie-gmbh-co-kg-in-bremen-df47d800-08f7-443a-9b4e-9716deca532d/,aus_1589ccad
2026-09-15 12:47,NOUVEAU,Kaufmann im E-Commerce,Ausbildung Chemielaborant/in (m/w/d) zum 01.08.2027bei Coffein Compagnie GmbH & Co.KG28309 Bremen nach Absprache1 Platz,Coffein Compagnie Gmbh Co Kg,Deutschland (Allemagne),b.suennemann@coffein-compagnie.de,Ausbildung.de,https://www.ausbildung.de/stellen/ausbildung-chemielaborant-in-m-w-d-bei-coffein-compagnie-gmbh-co-kg-in-bremen-0578de53-0b01-439e-975a-26de3f53a094/,aus_850b89c8
2026-09-15 12:47,NOUVEAU,Kaufmann im E-Commerce,Sportvisionäre: Das duale Studium für zukünftige Sportinnovatorenbei Kieser Training28195 Bremen + 13 weiterenach Absprache25 Plätze,Kieser Training,Deutschland (Allemagne),nina.dankers@kieser.com,Ausbildung.de,https://www.ausbildung.de/stellen/sportvisionaere-das-duale-studium-fuer-zukuenftige-sportinnovatoren-bei-kieser-training-in-bremen-21de2734-84f0-429c-8886-299e0ad8fb32/,aus_272557e6
2026-09-15 12:47,NOUVEAU,Kaufmann im E-Commerce,Ausbildung zum Hörakustiker (m/w/d) - Start im Februar & August/September 2027bei Amplifon Deutschland GmbH28199 Bremen + 67 weiterenach Absprache70 Plätze,Amplifon Deutschland Gmbh,Deutschland (Allemagne),Non détecté (Postuler via lien),Ausbildung.de,https://www.ausbildung.de/stellen/ausbildung-zum-hoerakustiker-m-w-d-start-im-februar-august-september-2026-bei-amplifon-deutschland-gmbh-in-bremen-51056c5d-212c-4763-b202-35d0b749b762/,aus_07423aac
2026-09-15 12:47,NOUVEAU,Kaufmann im E-Commerce,Duales Studium BWL (m/w/d)bei swb AG28215 Bremen nach Absprache1 Platz,Swb Ag,Deutschland (Allemagne),Non détecté (Postuler via lien),Ausbildung.de,https://www.ausbildung.de/stellen/duales-studium-bwl-m-w-d-bei-swb-ag-in-bremen-32722e90-cb2b-4c7a-b036-0e803496c14a/,aus_86d9dca5
2026-09-15 12:48,NOUVEAU,Kaufmann im E-Commerce,Ausbildung Industriekaufmann/-frau (m/w/d)bei Kleine Wolke Textilgesellschaft mbH & Co. KG28217 Bremen 01.09.20261 Platz,Kleine Wolke Textilgesellschaft Mbh Co Kg,Deutschland (Allemagne),personal@kleinewolke.com,Ausbildung.de,https://www.ausbildung.de/stellen/ausbildung-industriekaufmann-frau-m-w-d-bei-kleine-wolke-textilgesellschaft-mbh-co-kg-in-bremen-2d559f71-0c0a-4b14-bb78-71b56c9c98f3/,aus_67dae888
2026-09-15 12:48,NOUVEAU,Kaufmann im E-Commerce,Ausbildung zum Kaufmann für Groß- und Außenhandelsmanagement (m/w/d) 2027bei W. Tiemann GmbH & Co.KG28199 Bremen nach Absprache1 Platz,W Tiemann Gmbh Co Kg,Deutschland (Allemagne),.gottwald@tiemanngruppe.de,Ausbildung.de,https://www.ausbildung.de/stellen/ausbildung-zum-kaufmann-fuer-gross-und-aussenhandelsmanagement-m-w-d-2027-bei-w-tiemann-gmbh-co-kg-in-bremen-2cf69eed-4eac-425d-a3d0-38af0768ed4b/,aus_173e5ca6
2026-09-15 12:48,NOUVEAU,Kaufmann im E-Commerce,Duales Studium BWL (B.A.) am Campus oder virtuellbei IU Duales Studium28195 Bremen + 23 weitere01.10.20261134 Plätze,Iu Duales Studium,Deutschland (Allemagne),Non détecté (Postuler via lien),Ausbildung.de,https://www.ausbildung.de/stellen/duales-studium-bwl-b-a-am-campus-oder-virtuell-bei-iu-duales-studium-in-bremen-267e7a8f-9455-4ef5-bdaa-09e15622a11a/,aus_77836722
2026-09-15 12:48,NOUVEAU,Kaufmann im E-Commerce,Duales Studium BWL - Spezialisierung Sozialmanagement (B.A.) am Campus oder virtuellbei IU Duales Studium28195 Bremen + 23 weitere01.10.2026528 Plätze,Iu Duales Studium,Deutschland (Allemagne),Non détecté (Postuler via lien),Ausbildung.de,https://www.ausbildung.de/stellen/duales-studium-bwl-spezialisierung-sozialmanagement-b-a-am-campus-oder-virtuell-bei-iu-duales-studium-in-bremen-828b0cb6-82d9-4a87-a5e0-b174c19b061c/,aus_5305847f
2026-09-15 12:48,NOUVEAU,Kaufmann im E-Commerce,Duales Studium BWL - Spezialisierung Accounting & Controlling (B.A.) am Campus oder virtuellbei IU Duales Studium28195 Bremen + 23 weitere01.10.2026528 Plätze,Iu Duales Studium,Deutschland (Allemagne),Non détecté (Postuler via lien),Ausbildung.de,https://www.ausbildung.de/stellen/duales-studium-bwl-spezialisierung-accounting-controlling-b-a-am-campus-oder-virtuell-bei-iu-duales-studium-in-bremen-2c7cd229-8edf-40fc-aa70-0a51efee4f03/,aus_73a97589
2026-09-15 12:48,NOUVEAU,Kaufmann im E-Commerce,Duales Studium BWL - Spezialisierung Logistikmanagement (B.A.) am Campus oder virtuellbei IU Duales Studium28195 Bremen + 23 weitere01.10.2026528 Plätze,Iu Duales Studium,Deutschland (Allemagne),Non détecté (Postuler via lien),Ausbildung.de,https://www.ausbildung.de/stellen/duales-studium-bwl-spezialisierung-logistikmanagement-b-a-am-campus-oder-virtuell-bei-iu-duales-studium-in-bremen-73be024d-6290-4e13-98fe-30c772e6419f/,aus_94adf062
2026-09-15 12:48,NOUVEAU,Kaufmann im E-Commerce,Ausbildungsvorbereitung Chance plus Service im Zug 2026 (w/m/d)bei Deutsche Bahn AGBremen + 4 weitere01.09.20265 Plätze,Deutsche Bahn Ag,Deutschland (Allemagne),Non détecté (Postuler via lien),Ausbildung.de,https://www.ausbildung.de/stellen/ausbildungsvorbereitung-chance-plus-service-im-zug-2026-w-m-d-bei-deutsche-bahn-ag-in-bremen-c14ec5bd-d99e-4c73-9e29-8334a4d00b28/,aus_be059deb
2026-09-15 12:48,NOUVEAU,Kaufmann im E-Commerce,"Ausbildung zum Kaufmann im Einzelhandel (m/w/d), Bremen Wallebei Deichmann SE28219 Bremen + 289 weitere01.10.2026307 Plätze",Deichmann Se,Deutschland (Allemagne),Non détecté (Postuler via lien),Ausbildung.de,https://www.ausbildung.de/stellen/ausbildung-zum-kaufmann-im-einzelhandel-m-w-d-bremen-walle-bei-deichmann-se-in-bremen-d18cc021-735e-4b64-9dc5-699696cbd40f/,aus_927a0426
2026-09-15 12:49,NOUVEAU,Kaufmann im E-Commerce,"Ausbildung zum Verkäufer (m/w/d), Bremen Wallebei Deichmann SE28219 Bremen + 286 weitere01.10.2026311 Plätze",Deichmann Se,Deutschland (Allemagne),Non détecté (Postuler via lien),Ausbildung.de,https://www.ausbildung.de/stellen/ausbildung-zum-verkaeufer-m-w-d-bremen-walle-bei-deichmann-se-in-bremen-ee859213-ca81-42d9-a392-4a0ec07a067d/,aus_7c2682bf
2026-09-15 12:49,NOUVEAU,Kaufmann im E-Commerce,Duales Studium Polizei (m/w/d)bei Polizei Bremen28201 Bremen 01.10.2026100 Plätze,Polizei Bremen,Deutschland (Allemagne),instellungen@polizei.bremen.de,Ausbildung.de,https://www.ausbildung.de/stellen/duales-studium-polizei-m-w-d-bei-polizei-bremen-in-bremen-7551f6fb-e23d-4d91-aae8-cd9b11f19c61/,aus_c138c5f3
2026-09-15 12:49,NOUVEAU,Kaufmann im E-Commerce,Duales Studium Soziale Arbeit (B.A.) am Campus oder virtuellbei IU Duales Studium28195 Bremen + 23 weitere01.10.2026528 Plätze,Iu Duales Studium,Deutschland (Allemagne),Non détecté (Postuler via lien),Ausbildung.de,https://www.ausbildung.de/stellen/duales-studium-soziale-arbeit-b-a-am-campus-oder-virtuell-bei-iu-duales-studium-in-bremen-43bd79a2-7dbb-4ea3-a7a3-82732313bf8c/,aus_7eb974ca
2026-09-15 12:49,NOUVEAU,Kaufmann im E-Commerce,Duales Studium BWL - Spezialisierung Handelsmanagement (B.A.) am Campus oder virtuellbei IU Duales Studium28195 Bremen + 23 weitere01.10.2026528 Plätze,Iu Duales Studium,Deutschland (Allemagne),Non détecté (Postuler via lien),Ausbildung.de,https://www.ausbildung.de/stellen/duales-studium-bwl-spezialisierung-handelsmanagement-b-a-am-campus-oder-virtuell-bei-iu-duales-studium-in-bremen-e1dc9cd5-686c-495b-9109-44b834bf1e32/,aus_36fbc351
2026-09-15 12:49,NOUVEAU,Kaufmann im E-Commerce,Ausbildung Köchin:Kochbei E. Breuninger GmbH & Co.40212 Düsseldorf 01.09.20261 Platz,E Breuninger Gmbh Co,Deutschland (Allemagne),Non détecté (Postuler via lien),Ausbildung.de,https://www.ausbildung.de/stellen/ausbildung-koechin-koch-bei-e-breuninger-gmbh-co-in-duesseldorf-573ce6bd-b7d4-4f8f-9e79-b224afc1a4e9/,aus_21af9005
2026-09-15 12:49,NOUVEAU,Kaufmann im E-Commerce,Ausbildung Game Programmer/in (m/w/d)bei Mediadesign Hochschule für Design und Informatik GmbH40221 Düsseldorf + 1 weiterer01.09.20266 Plätze Beliebter Ausbildungsbetrieb,Mediadesign Hochschule Fuer Design Und Informatik Gmbh,Deutschland (Allemagne),Non détecté (Postuler via lien),Ausbildung.de,https://www.ausbildung.de/stellen/ausbildung-game-programmer-in-m-w-d-bei-mediadesign-hochschule-fuer-design-und-informatik-gmbh-in-duesseldorf-cf58af31-510d-4bd3-a913-0d68711f370b/,aus_f0a9f399
2026-09-15 12:49,NOUVEAU,Kaufmann im E-Commerce,Ausbildung Mediengestalter/in Digital und Print (m/w/d)bei Mediadesign Hochschule für Design und Informatik GmbH40221 Düsseldorf + 1 weiterer01.09.202610 Plätze Beliebter Ausbildungsbetrieb,Mediadesign Hochschule Fuer Design Und Informatik Gmbh,Deutschland (Allemagne),Non détecté (Postuler via lien),Ausbildung.de,https://www.ausbildung.de/stellen/ausbildung-mediengestalter-in-digital-und-print-m-w-d-bei-mediadesign-hochschule-fuer-design-und-informatik-gmbh-in-duesseldorf-2fe408b1-a536-460b-8e0d-650bd9d838bf/,aus_6d6c96ae
2026-09-15 12:50,NOUVEAU,Kaufmann im E-Commerce,Duales Studium BWL mit dem Schwerpunkt Dienstleistungsmanagement (m/w/d)bei Atos Information Technology GmbH40547 Düsseldorf + 4 weitere01.09.20265 Plätze,Atos Information Technology Gmbh,Deutschland (Allemagne),Non détecté (Postuler via lien),Ausbildung.de,https://www.ausbildung.de/stellen/duales-studium-bwl-m-w-d-mit-dem-schwerpunkt-dienstleistungsmanagement-bei-atos-information-technology-gmbh-in-duesseldorf-a862b46a-65c8-4595-9646-9a772018a3c7/,aus_3283bb18
2026-09-15 12:50,NOUVEAU,Kaufmann im E-Commerce,B.Sc. Data Science & KI (w/m/d)bei Atos Information Technology GmbH40547 Düsseldorf + 8 weitere01.09.202612 Plätze,Atos Information Technology Gmbh,Deutschland (Allemagne),Non détecté (Postuler via lien),Ausbildung.de,https://www.ausbildung.de/stellen/duales-studium-informatik-m-w-d-bei-atos-information-technology-gmbh-in-duesseldorf-ebf47f50-f510-46bc-b24e-955100ca4217/,aus_3b7eaf19
2026-09-15 12:50,NOUVEAU,Kaufmann im E-Commerce,B.Sc. Wirtschaftsinformatik mit verschiedenen Vertiefungsmöglichkeiten (m/w/d)bei Atos Information Technology GmbH40547 Düsseldorf + 8 weitere01.09.202614 Plätze,Atos Information Technology Gmbh,Deutschland (Allemagne),Non détecté (Postuler via lien),Ausbildung.de,https://www.ausbildung.de/stellen/duales-studium-informatik-m-w-d-bei-atos-information-technology-gmbh-in-duesseldorf-d18d2486-05f4-4421-b9be-91e0ed402e45/,aus_375a87e4
2026-09-15 12:50,NOUVEAU,Kaufmann im E-Commerce,B. Sc. Informatik mit verschiedenen Vertiefungsmöglichkeiten (m/w/d)bei Atos Information Technology GmbH40547 Düsseldorf + 8 weitere01.09.202614 Plätze,Atos Information Technology Gmbh,Deutschland (Allemagne),Non détecté (Postuler via lien),Ausbildung.de,https://www.ausbildung.de/stellen/duales-studium-informatik-m-w-d-bei-atos-information-technology-gmbh-in-duesseldorf-676df0f9-3c45-4c95-a7a7-f84813be3196/,aus_739e4883
2026-09-15 12:50,NOUVEAU,Kaufmann im E-Commerce,Dual Studierende zur/zum Bachelor of Science Wirtschaftspsychologie (m/w/d)bei Swiss Life Select Deutschland GmbH00000 Düsseldorf + 17 weiterenach Absprache18 Plätze,Swiss Life Select Deutschland Gmbh,Deutschland (Allemagne),Non détecté (Postuler via lien),Ausbildung.de,https://www.ausbildung.de/stellen/duales-studium-wirtschaftspsychologie-m-w-d-bei-swiss-life-select-deutschland-gmbh-in-duesseldorf-713f258a-649d-46f4-8c2d-3022a67faf53/,aus_c2841446
2026-09-15 12:50,NOUVEAU,Kaufmann im E-Commerce,IHK Auszubildende zur/zum Kauffrau/-mann für Versicherungen und Finanzanlagen (m/w/d)bei Swiss Life Select Deutschland GmbH00000 Düsseldorf + 59 weiterenach Absprache60 Plätze,Swiss Life Select Deutschland Gmbh,Deutschland (Allemagne),Non détecté (Postuler via lien),Ausbildung.de,https://www.ausbildung.de/stellen/ihk-auszubildende-zur-zum-kauffrau-mann-fuer-versicherungen-und-finanzanlagen-m-w-d-bei-swiss-life-select-deutschland-gmbh-in-duesseldorf-3617b97c-b146-4297-b02a-4ff55b888c79/,aus_5ad816c0
2026-09-15 12:50,NOUVEAU,Kaufmann im E-Commerce,Dual Studierende zur/zum Bachelor of Arts Business Administration (m/w/d)bei Swiss Life Select Deutschland GmbH00000 Düsseldorf + 17 weiterenach Absprache18 Plätze,Swiss Life Select Deutschland Gmbh,Deutschland (Allemagne),Non détecté (Postuler via lien),Ausbildung.de,https://www.ausbildung.de/stellen/dual-studierende-zur-zum-bachelor-of-arts-business-administration-m-w-d-bei-swiss-life-select-deutschland-gmbh-in-duesseldorf-2317ff2b-cc2a-4f00-953d-43af16a807cb/,aus_99cda67b
2026-09-15 12:50,NOUVEAU,Kaufmann im E-Commerce,"Duales Studium B.A. (m/w/d), BWL - Handelsmanagement, Großraum Düsseldorfbei Deichmann SE40212 Düsseldorf + 21 weitere01.10.202622 Plätze",Deichmann Se,Deutschland (Allemagne),Non détecté (Postuler via lien),Ausbildung.de,https://www.ausbildung.de/stellen/duales-studium-b-a-m-w-d-bwl-handelsmanagement-grossraum-duesseldorf-bei-deichmann-se-in-duesseldorf-04a3f6ae-45ca-4baa-b196-7f4dd0c7613c/,aus_0ddd1168
2026-09-15 12:51,NOUVEAU,Kaufmann im E-Commerce,Ausbildung zum Kaufmann im Einzelhandel (m/w/d)bei KiK Textilien und Non-Food GmbH40211 Düsseldorf + 525 weiterenach Absprache527 Plätze,Kik Textilien Und Non Food Gmbh,Deutschland (Allemagne),Non détecté (Postuler via lien),Ausbildung.de,https://www.ausbildung.de/stellen/ausbildung-zum-kaufmann-im-einzelhandel-m-w-d-bei-kik-textilien-und-non-food-gmbh-in-duesseldorf-3d580892-2bf6-4eb3-9ca0-9d5c268830a2/,aus_9099472c
2026-09-15 12:51,NOUVEAU,Kaufmann im E-Commerce,Ausbildung zum Verkäufer (m/w/d)bei KiK Textilien und Non-Food GmbH40211 Düsseldorf + 683 weiterenach Absprache686 Plätze,Kik Textilien Und Non Food Gmbh,Deutschland (Allemagne),Non détecté (Postuler via lien),Ausbildung.de,https://www.ausbildung.de/stellen/ausbildung-zum-verkaeufer-m-w-d-bei-kik-textilien-und-non-food-gmbh-in-duesseldorf-5b0c6f9e-b31e-460b-8225-fa594350adc4/,aus_2d40d5b2
2026-09-15 12:51,NOUVEAU,Kaufmann im E-Commerce,Ausbildung zum Augenoptiker (w/m/d) für 2026bei Fielmann Group AG40477 Düsseldorf + 600 weiterenach Absprache679 Plätze,Fielmann Group Ag,Deutschland (Allemagne),Non détecté (Postuler via lien),Ausbildung.de,https://www.ausbildung.de/stellen/ausbildung-zum-augenoptiker-w-m-d-fuer-2026-bei-fielmann-group-ag-in-duesseldorf-0edd7df6-458e-4bbe-8f94-d93c9145c50a/,aus_eb4d76a2
2026-09-15 12:51,NOUVEAU,Kaufmann im E-Commerce,Aus- und Fortbildung zum Handelsfachwirt (m/w/d)bei KiK Textilien und Non-Food GmbH40227 Düsseldorf + 887 weiterenach Absprache890 Plätze,Kik Textilien Und Non Food Gmbh,Deutschland (Allemagne),Non détecté (Postuler via lien),Ausbildung.de,https://www.ausbildung.de/stellen/aus-und-fortbildung-zum-handelsfachwirt-m-w-d-bei-kik-textilien-und-non-food-gmbh-in-duesseldorf-9522546e-7a34-432b-a9a1-ddd746e939b9/,aus_abd9b845
2026-09-15 12:51,NOUVEAU,Kaufmann im E-Commerce,Pflegefachassistenz im Krankenhaus (m/w/d) | Oktober 2026bei Verbund Katholischer Kliniken Düsseldorf gGmbH40479 Düsseldorf + 2 weitere01.10.202621 Plätze,Verbund Katholischer Kliniken Duesseldorf Ggmbh,Deutschland (Allemagne),Non détecté (Postuler via lien),Ausbildung.de,https://www.ausbildung.de/stellen/pflegefachassistenz-im-krankenhaus-m-w-d-april-2026-bei-verbund-katholischer-kliniken-duesseldorf-ggmbh-in-duesseldorf-d3a77fca-a011-46af-8c36-75054787b919/,aus_2c54f153
2026-09-15 12:51,NOUVEAU,Kaufmann im E-Commerce,"Duales Studium ""Pflege (B.Sc.)"" | Oktober 2026bei Verbund Katholischer Kliniken Düsseldorf gGmbH40479 Düsseldorf + 1 weiterer01.10.20264 Plätze",Verbund Katholischer Kliniken Duesseldorf Ggmbh,Deutschland (Allemagne),Non détecté (Postuler via lien),Ausbildung.de,https://www.ausbildung.de/stellen/duales-studium-pflege-b-sc-oktober-2025-bei-verbund-katholischer-kliniken-duesseldorf-ggmbh-in-duesseldorf-8bc78785-10ba-4b31-b201-4c0987ecd6b2/,aus_a2c244c2
2026-09-15 12:51,NOUVEAU,Kaufmann im E-Commerce,Ausbildung zum Automatenfachmann Fachrichtung Automatendienstleistung (m/w/d) - West I (2)bei MERKUR GROUP40210 Düsseldorf + 46 weitere01.10.202647 Plätze,Merkur Group,Deutschland (Allemagne),ausbildungaf@merkur.com,Ausbildung.de,https://www.ausbildung.de/stellen/ausbildung-zum-automatenfachmann-fachrichtung-automatendienstleistung-m-w-d-west-i-2-bei-merkur-group-in-duesseldorf-f4f5de34-5063-4a7a-99e1-1b24b08ffb8b/,aus_cf8031e5
2026-09-15 12:51,NOUVEAU,Kaufmann im E-Commerce,Ausbildung zum Hörakustiker (m/w/d) Krefeld Uerdingenbei GEERS (Sonova Retail Deutschland GmbH)40545 Düsseldorf + 337 weiterenach Absprache338 Plätze,Geers Sonova Retail Deutschland Gmbh,Deutschland (Allemagne),recruiting.de@sonova.com,Ausbildung.de,https://www.ausbildung.de/stellen/ausbildung-zum-hoerakustiker-m-w-d-krefeld-uerdingen-bei-geers-sonova-retail-deutschland-gmbh-in-duesseldorf-a3c32585-9dc0-4447-aef0-459d411859d5/,aus_cc60c4ec
2026-09-15 12:51,NOUVEAU,Kaufmann im E-Commerce,"Ausbildung als Kaufmann/-frau für Groß- und Außenhandelsmanagement (m/w/d), Schwerpunkt Großhandelbei STAPPERT Deutschland GmbH40549 Düsseldorf + 2 weitere01.09.20266 Plätze",Stappert Deutschland Gmbh,Deutschland (Allemagne),bewerbung@stappert.biz,Ausbildung.de,https://www.ausbildung.de/stellen/ausbildung-als-kaufmann-frau-fuer-gross-und-aussenhandelsmanagement-m-w-d-schwerpunkt-aussenhandel-bei-stappert-deutschland-gmbh-in-duesseldorf-76c30c95-1136-44d9-b2d6-d07bac61b5a8/,aus_92355a7a
2026-09-15 12:54,NOUVEAU,Kaufmann im Gross- und Aussenhandelsmanagement,Ausbildung zum Verkäufer/inbei Norma Lebensmittelfilialbetrieb Stiftung & Co. KG01217 Dresden + 1337 weiterenach Absprache1338 Plätze,Norma Lebensmittelfilialbetrieb Stiftung Co Kg,Deutschland (Allemagne),personalentwicklung@norma-online.de,Ausbildung.de,https://www.ausbildung.de/stellen/ausbildung-zum-verkaeufer-in-bei-norma-lebensmittelfilialbetrieb-stiftung-co-kg-in-dresden-0e19c949-a042-48ce-8b15-0ff9253874c0/,aus_b8389b0c
2026-09-15 13:06,NOUVEAU,Kaufmann im Gross- und Aussenhandelsmanagement,Ausbildung für den mittleren Auswärtigen Dienst (m/w/d)bei Auswärtiges Amt70173 Stuttgart + 34 weiterenach Absprache35 Plätze,Auswaertiges Amt,Deutschland (Allemagne),Non détecté (Postuler via lien),Ausbildung.de,https://www.ausbildung.de/stellen/ausbildung-beamter-beamtin-verfassungsschutz-mittlerer-dienst-m-w-d-bei-auswaertiges-amt-in-stuttgart-0c9c6d6b-83e8-409f-ac9b-3627795fc39a/,aus_7dc0375a
2026-09-15 13:21,NOUVEAU,Kaufmann fuer Spedition und Logistikdienstleistung,Ausbildung Kaufmann/-frau im Einzelhandel (m/w/d)bei Norma Lebensmittelfilialbetrieb Stiftung & Co. KG23562 Lübeck + 1346 weiterenach Absprache1347 Plätze,Norma Lebensmittelfilialbetrieb Stiftung Co Kg,Deutschland (Allemagne),personalentwicklung@norma-online.de,Ausbildung.de,https://www.ausbildung.de/stellen/ausbildung-zum-verkaeufer-in-bei-norma-lebensmittelfilialbetrieb-stiftung-co-kg-in-luebeck-84b00ff9-351f-4e4b-adad-2d18a88175c8/,aus_7781ddde
2026-09-15 13:21,NOUVEAU,Kaufmann fuer Spedition und Logistikdienstleistung,Auszubildende zur Pflegefachkraft (m/w/d) im Bereich Kinder- und Jugendpsychiatrie – Ausbildungsdauer 3 Jahrebei Diakonie Nord Nord Ost23554 Lübeck + 5 weiterenach Absprache6 Plätze,Diakonie Nord Nord Ost,Deutschland (Allemagne),Non détecté (Postuler via lien),Ausbildung.de,https://www.ausbildung.de/stellen/auszubildende-zur-pflegefachkraft-m-w-d-im-bereich-kinder-und-jugendpsychiatrie-ausbildungsdauer-3-jahre-bei-diakonie-nord-nord-ost-in-luebeck-ca102fd7-0140-46c7-b6c2-cbf28d6c7dd5/,aus_15a81892
2026-09-15 13:21,NOUVEAU,Kaufmann fuer Spedition und Logistikdienstleistung,Auszubildende/n zum Berufskraftfahrer (*gn)bei Richter Baustoffe GmbH23560 Lübeck nach Absprache1 Platz,Richter Baustoffe Gmbh,Deutschland (Allemagne),Non détecté (Postuler via lien),Ausbildung.de,https://www.ausbildung.de/stellen/auszubildende-n-zum-berufskraftfahrer-gn-bei-richter-baustoffe-gmbh-in-luebeck-105716bd-c48e-490b-86c4-0a8e1efc7d52/,aus_251c7e43
2026-09-15 13:21,NOUVEAU,Kaufmann fuer Spedition und Logistikdienstleistung,Ausbildung zur Produktionsfachkraft Chemie (m/w/d)bei REMONDIS Industrie Service GmbH & Co. KG23556 Lübeck + 2 weitere08.09.20264 Plätze,Remondis Gruppe,Deutschland (Allemagne),Non détecté (Postuler via lien),Ausbildung.de,https://www.ausbildung.de/stellen/ausbildung-zur-produktionsfachkraft-chemie-m-w-d-bei-remondis-gruppe-in-luebeck-293f1605-5b52-4b04-a65e-7a4f677bcf65/,aus_bfae8784
2026-09-15 13:21,NOUVEAU,Kaufmann fuer Spedition und Logistikdienstleistung,"Ausbildung Fachkraft Kurier-, Express- u. Postdienstleistungen (m/w/d) in 2027bei Deutsche Post AGLübeck + 165 weiterenach Absprache223 Plätze",Dhl Group,Deutschland (Allemagne),handicap_naund@dhl.com,Ausbildung.de,https://www.ausbildung.de/stellen/ausbildung-fachkraft-kurier-express-u-postdienstleistungen-m-w-d-in-2027-bei-dhl-group-in-luebeck-7bd41ab9-45fd-4d1a-85d1-5c156ea9a2ef/,aus_0bf6327a
2026-09-15 13:21,NOUVEAU,Kaufmann fuer Spedition und Logistikdienstleistung,Duales Studium Fitnesstraining (m/w/d)bei wellyou Verwaltungsgesellschaft mbH23562 Lübeck + 19 weiterenach Absprache20 Plätze,Wellyou Verwaltungsgesellschaft Mbh,Deutschland (Allemagne),bewerbung@wellyou.eu,Ausbildung.de,https://www.ausbildung.de/stellen/duales-studium-fitnesstraining-m-w-d-bei-wellyou-verwaltungsgesellschaft-mbh-in-luebeck-c6c2e380-2885-4d49-bb36-f02f68f00db4/,aus_110f5ec1
2026-09-15 13:22,NOUVEAU,Kaufmann fuer Spedition und Logistikdienstleistung,Ausbildung Berufskraftfahrer/-in (m/w/d) in 2027bei Deutsche Post AGLübeck + 37 weiterenach Absprache43 Plätze,Dhl Group,Deutschland (Allemagne),handicap_naund@dhl.com,Ausbildung.de,https://www.ausbildung.de/stellen/ausbildung-berufskraftfahrer-in-m-w-d-in-2027-bei-dhl-group-in-luebeck-e4601017-b257-4364-a19a-5b46a8652e5c/,aus_c6c72007
2026-09-15 13:22,NOUVEAU,Kaufmann fuer Spedition und Logistikdienstleistung,Duales Studium Pflege (m/w/d)bei UKSH - Universitätsklinikum Schleswig Holstein - Akademie gemeinnützige GmbH23538 Lübeck + 1 weiterer01.10.20267 Plätze,Uksh Universitaetsklinikum Schleswig Holstein Akademie Gemeinnuetzige Gmbh,Deutschland (Allemagne),ausbildung-pflege-hl@uksh.de,Ausbildung.de,https://www.ausbildung.de/stellen/duales-studium-pflege-m-w-d-bei-uksh-universitaetsklinikum-schleswig-holstein-akademie-gemeinnuetzige-gmbh-in-luebeck-22162223-7111-409f-a18c-8b9df96d0c91/,aus_f2112f1a
2026-09-15 13:22,NOUVEAU,Kaufmann fuer Spedition und Logistikdienstleistung,Ausbildung Pflegefachmann/-frau (m/w/d)bei UKSH - Universitätsklinikum Schleswig Holstein - Akademie gemeinnützige GmbH23538 Lübeck + 1 weiterer01.10.202620 Plätze,Uksh Universitaetsklinikum Schleswig Holstein Akademie Gemeinnuetzige Gmbh,Deutschland (Allemagne),ausbildung-pflege-hl@uksh.de / ausbildung-pflege-ki@uksh.de,Ausbildung.de,https://www.ausbildung.de/stellen/ausbildung-pflegefachmann-frau-m-w-d-bei-uksh-universitaetsklinikum-schleswig-holstein-akademie-gemeinnuetzige-gmbh-in-luebeck-ecd124e3-9fba-4214-b793-b76445595b84/,aus_9862f26a
2026-09-15 13:22,NOUVEAU,Kaufmann fuer Spedition und Logistikdienstleistung,Ausbildung zur Krankenpflegehelferin/ zum Krankenpflegehelfer (m/w/d)bei UKSH - Universitätsklinikum Schleswig Holstein - Akademie gemeinnützige GmbH23538 Lübeck + 1 weiterer01.10.202620 Plätze,Uksh Universitaetsklinikum Schleswig Holstein Akademie Gemeinnuetzige Gmbh,Deutschland (Allemagne),ausbildung-pflege-hl@uksh.de / ausbildung-pflege-ki@uksh.de,Ausbildung.de,https://www.ausbildung.de/stellen/ausbildung-zur-krankenpflegehelferin-zum-krankenpflegehelfer-m-w-d-bei-uksh-universitaetsklinikum-schleswig-holstein-akademie-gemeinnuetzige-gmbh-in-luebeck-c7b9b440-1569-46d9-a995-f11e29874f24/,aus_af2ba15a
2026-09-15 13:42,NOUVEAU,Kaufmann fuer Tourismus und Freizeit,Ausbildung Kommunikationsdesigner/in (m/w/d)bei Macromedia Akademie GmbH70376 Leipzig 01.09.20261 Platz,Macromedia Akademie Gmbh,Deutschland (Allemagne),bildungsberatung@macromedia.de,Ausbildung.de,https://www.ausbildung.de/stellen/ausbildung-kommunikationsdesigner-in-m-w-d-bei-macromedia-akademie-gmbh-in-leipzig-46fb13f2-8fb3-488a-a14e-7ec9ecf3be37/,aus_dd34b425
2026-09-15 13:42,NOUVEAU,Kaufmann fuer Tourismus und Freizeit,Ausbildung Modedesignbei Macromedia Akademie GmbH70376 Leipzig 01.09.20261 Platz,Macromedia Akademie Gmbh,Deutschland (Allemagne),bildungsberatung@macromedia.de,Ausbildung.de,https://www.ausbildung.de/stellen/ausbildung-modedesign-bei-macromedia-akademie-gmbh-in-leipzig-2362a0a9-293a-423e-b613-c76641ad911c/,aus_411097eb
2026-09-15 13:43,NOUVEAU,Kaufmann fuer Tourismus und Freizeit,Ausbildung Game Designbei Macromedia Akademie GmbH70376 Leipzig + 4 weitere01.09.20265 Plätze,Macromedia Akademie Gmbh,Deutschland (Allemagne),bildungsberatung@macromedia.de / ninfo.leipzig@macromedia.de,Ausbildung.de,https://www.ausbildung.de/stellen/ausbildung-game-design-bei-macromedia-akademie-gmbh-in-leipzig-76542706-1e4d-431b-a643-e00b8971c641/,aus_935960dd
2026-09-15 13:43,NOUVEAU,Kaufmann fuer Tourismus und Freizeit,Duales Studium Soziale Arbeit | MEDIAN Klinik Bad Kösen II GmbH & Co. KGbei iba Internationale Berufsakademie04109 Leipzig + 43 weitere01.10.202660 Plätze,Iba Internationale Berufsakademie,Deutschland (Allemagne),teresa.franz@ibadual.com,Ausbildung.de,https://www.ausbildung.de/stellen/duales-studium-soziale-arbeit-median-klinik-bad-koesen-ii-gmbh-co-kg-bei-iba-internationale-berufsakademie-in-leipzig-286b6001-d55b-4815-95d1-832ff3c53646/,aus_7a90b36c
2026-09-15 13:43,NOUVEAU,Kaufmann fuer Tourismus und Freizeit,Ausbildung Kfz-Mechatroniker/in (m/w/d)bei Stellantis &You Deutschland GmbH04105 Leipzig + 14 weitere01.09.202620 Plätze,Stellantis You Deutschland Gmbh,Deutschland (Allemagne),bewerbungen-dresden-leipzig@stellantis.com,Ausbildung.de,https://www.ausbildung.de/stellen/ausbildung-kfz-mechatroniker-in-m-w-d-bei-stellantis-you-deutschland-gmbh-in-leipzig-14eb0e70-f4c8-412b-8a6c-2e461e371cc7/,aus_07ee2f4d
2026-09-15 13:43,NOUVEAU,Kaufmann fuer Tourismus und Freizeit,Massage Ausbildung / Bademeister Ausbildung (m/w/d) in Leipzigbei Bernd-Blindow-Schulen04315 Leipzig 01.09.2026,Bernd Blindow Gruppe,Deutschland (Allemagne),Non détecté (Postuler via lien),Ausbildung.de,https://www.ausbildung.de/stellen/massage-ausbildung-bademeister-ausbildung-m-w-d-in-leipzig-bei-bernd-blindow-gruppe-in-leipzig-fe46a41a-ec80-4c5a-bb72-977c6ea1ba9e/,aus_a3becd28
2026-09-15 13:43,NOUVEAU,Kaufmann fuer Tourismus und Freizeit,IHK Auszubildende zur/zum Kauffrau/-mann für Versicherungen und Finanzanlagen (m/w/d)bei Swiss Life Select Deutschland GmbH00000 Leipzig + 59 weiterenach Absprache60 Plätze,Swiss Life Select Deutschland Gmbh,Deutschland (Allemagne),Non détecté (Postuler via lien),Ausbildung.de,https://www.ausbildung.de/stellen/ihk-auszubildende-zur-zum-kauffrau-mann-fuer-versicherungen-und-finanzanlagen-m-w-d-bei-swiss-life-select-deutschland-gmbh-in-leipzig-43aa4fce-dda2-459d-9bfe-129e0d6e2415/,aus_dbf4668a
2026-09-15 13:43,NOUVEAU,Kaufmann fuer Tourismus und Freizeit,Ausbildung zum Verkäufer (m/w/d)bei KiK Textilien und Non-Food GmbH04347 Leipzig + 683 weiterenach Absprache686 Plätze,Kik Textilien Und Non Food Gmbh,Deutschland (Allemagne),Non détecté (Postuler via lien),Ausbildung.de,https://www.ausbildung.de/stellen/ausbildung-zum-verkaeufer-m-w-d-bei-kik-textilien-und-non-food-gmbh-in-leipzig-9206da92-5087-4a04-9887-20cb5299823e/,aus_41d6e769
2026-09-15 13:43,NOUVEAU,Kaufmann fuer Tourismus und Freizeit,Ausbildung Mechatroniker für Kältetechnik (m/w/d)bei ELMATIC GmbH04105 Leipzig + 2 weiterenach Absprache3 Plätze Beliebter Ausbildungsbetrieb,Elmatic Gmbh,Deutschland (Allemagne),Non détecté (Postuler via lien),Ausbildung.de,https://www.ausbildung.de/stellen/ausbildung-mechatroniker-fuer-kaeltetechnik-m-w-d-bei-elmatic-gmbh-in-leipzig-bec64bcd-84f2-4c3f-b252-d01b6bfd2fb1/,aus_87b1a384
2026-09-15 13:43,NOUVEAU,Kaufmann fuer Tourismus und Freizeit,Aus- und Fortbildung zum Handelsfachwirt (m/w/d)bei KiK Textilien und Non-Food GmbH04347 Leipzig + 887 weiterenach Absprache890 Plätze,Kik Textilien Und Non Food Gmbh,Deutschland (Allemagne),Non détecté (Postuler via lien),Ausbildung.de,https://www.ausbildung.de/stellen/aus-und-fortbildung-zum-handelsfachwirt-m-w-d-bei-kik-textilien-und-non-food-gmbh-in-leipzig-93129d13-aa82-40e5-9a87-36fd28cb49ad/,aus_874d4858
2026-09-15 13:43,NOUVEAU,Kaufmann fuer Tourismus und Freizeit,Ausbildung zum Verkäufer/inbei Norma Lebensmittelfilialbetrieb Stiftung & Co. KG04109 Leipzig + 1337 weiterenach Absprache1338 Plätze,Norma Lebensmittelfilialbetrieb Stiftung Co Kg,Deutschland (Allemagne),personalentwicklung@norma-online.de,Ausbildung.de,https://www.ausbildung.de/stellen/ausbildung-zum-verkaeufer-in-bei-norma-lebensmittelfilialbetrieb-stiftung-co-kg-in-leipzig-63468327-ed03-4f0d-97db-69dda1f4ca95/,aus_5eaf39d6
2026-09-15 13:43,NOUVEAU,Kaufmann fuer Tourismus und Freizeit,Ausbildung Kaufmann/-frau im Einzelhandel (m/w/d)bei Norma Lebensmittelfilialbetrieb Stiftung & Co. KG04109 Leipzig + 1346 weiterenach Absprache1347 Plätze,Norma Lebensmittelfilialbetrieb Stiftung Co Kg,Deutschland (Allemagne),personalentwicklung@norma-online.de,Ausbildung.de,https://www.ausbildung.de/stellen/ausbildung-zum-verkaeufer-in-bei-norma-lebensmittelfilialbetrieb-stiftung-co-kg-in-leipzig-56c6196b-8428-4b4c-ac5b-b66efffe7b82/,aus_8ff6a4f6
2026-09-15 13:43,NOUVEAU,Kaufmann fuer Tourismus und Freizeit,Duales Studium BWL Digital Business Management | CHECK24 Reise Tech Hub GmbHbei iba Internationale Berufsakademie04105 Leipzig + 236 weitere01.10.2026327 Plätze,Iba Internationale Berufsakademie,Deutschland (Allemagne),sebastian.eulenberger@ibadual.com,Ausbildung.de,https://www.ausbildung.de/stellen/duales-studium-bwl-digital-business-management-check24-reise-tech-hub-gmbh-bei-iba-internationale-berufsakademie-in-leipzig-ed2f0ae4-fd8a-4ade-b0e2-5e01d57d1e44/,aus_bf42202d
2026-09-15 13:43,NOUVEAU,Kaufmann fuer Tourismus und Freizeit,Ausbildungsbegleitendes Fernstudium Logopädie (B.Sc.) – am Studienzentrumbei DIPLOMA Hochschule04315 Leipzig + 4 weitere01.10.2026,Bernd Blindow Gruppe,Deutschland (Allemagne),meinstudium@diploma.de,Ausbildung.de,https://www.ausbildung.de/stellen/ausbildungsbegleitendes-fernstudium-logopaedie-b-sc-am-studienzentrum-bei-bernd-blindow-gruppe-in-leipzig-2a9b86ef-e994-4d84-ba99-035477bfbde6/,aus_3cf8282f
2026-09-15 13:43,NOUVEAU,Kaufmann fuer Tourismus und Freizeit,Ausbildung zum Verkäufer / Kaufmann im Einzelhandel zum 01.08.2027 (m/w/d)bei ALDI Nord04109 Leipzig + 666 weiterenach Absprache782 Plätze,Aldi Nord,Deutschland (Allemagne),Non détecté (Postuler via lien),Ausbildung.de,https://www.ausbildung.de/stellen/ausbildung-zum-verkaeufer-kaufmann-im-einzelhandel-zum-01-08-2027-m-w-d-bei-aldi-nord-in-leipzig-9682fb7a-9be0-4f6b-88d3-a276ca1947e8/,aus_dcc21dd8
2026-09-15 13:43,NOUVEAU,Kaufmann fuer Tourismus und Freizeit,Duales Bachelorstudium Handelsmanagement und E-Commerce (BA Riesa) zum 01.10.2027bei ALDI Nord04109 Leipzig + 5 weiterenach Absprache6 Plätze,Aldi Nord,Deutschland (Allemagne),Non détecté (Postuler via lien),Ausbildung.de,https://www.ausbildung.de/stellen/duales-bachelorstudium-handelsmanagement-und-e-commerce-ba-riesa-zum-01-10-2027-bei-aldi-nord-in-leipzig-2aa0dd18-305a-4287-ba76-56eaadb3968e/,aus_43065bee
2026-09-15 13:44,NOUVEAU,Kaufmann fuer Tourismus und Freizeit,Ausbildung Kfz-Mechatroniker​ System- u. Hochvolttechnik (m/w/d) bei Audibei Audi Leipzig GmbH04277 Leipzig nach Absprache2 Plätze,Audi Bei Volkswagen Group Retail Deutschland,Deutschland (Allemagne),Non détecté (Postuler via lien),Ausbildung.de,https://www.ausbildung.de/stellen/ausbildung-kfz-mechatroniker-system-u-hochvolttechnik-m-w-d-bei-audi-bei-volkswagen-group-retail-deutschland-in-leipzig-c6351e5b-7b3e-4381-9490-43c7308ffc3f/,aus_ec088fb1
2026-09-15 13:44,NOUVEAU,Kaufmann fuer Tourismus und Freizeit,Ausbildungsbegleitendes Fernstudium Ergotherapie (B.Sc.) – bundesweit mit Online-Seminarenbei DIPLOMA Hochschule04315 Leipzig + 6 weitere01.10.2026,Bernd Blindow Gruppe,Deutschland (Allemagne),meinstudium@diploma.de,Ausbildung.de,https://www.ausbildung.de/stellen/ausbildungsbegleitendes-fernstudium-ergotherapie-b-sc-bundesweit-bei-bernd-blindow-gruppe-in-leipzig-09c4dd72-47b3-49a2-9798-0b4464e2b219/,aus_a44c2d31
2026-09-15 13:44,NOUVEAU,Kaufmann fuer Tourismus und Freizeit,ICF-CY: Einführung in Theorie und Praxis in der heilpädagogischen Arbeit - Blended Learningbei Euro Akademie04315 Leipzig + 2 weitere01.10.202634 Plätze,Eso Education Group,Deutschland (Allemagne),Non détecté (Postuler via lien),Ausbildung.de,https://www.ausbildung.de/stellen/icf-cy-einfuehrung-in-theorie-und-praxis-in-der-heilpaedagogischen-arbeit-blended-learning-bei-eso-education-group-in-leipzig-dcba8de2-3e39-4601-930b-d11406a3e7b8/,aus_1ef510a6
2026-09-15 13:44,NOUVEAU,Kaufmann fuer Tourismus und Freizeit,Duales Studium Heilpädagogik und Inklusive Pädagogik – Bachelor of Arts (B.A.) | bundesweit mit Online-Seminarenbei DIPLOMA Hochschule04315 Leipzig + 13 weitere01.10.2026,Bernd Blindow Gruppe,Deutschland (Allemagne),meinstudium@diploma.de,Ausbildung.de,https://www.ausbildung.de/stellen/duales-studium-heilpaedagogik-und-inklusive-paedagogik-bachelor-of-arts-b-a-bundesweit-mit-online-seminaren-bei-bernd-blindow-gruppe-in-leipzig-399e33d2-4dea-4c21-9f8e-fb07e64c3df7/,aus_46f73344
